{"payment_type":[{"payment_type_id":1,"payment_type_name":"SALES_RECEIPT","created_at":"Thu, 03 Nov 2022 14:20:49 GMT","last_updated":"Thu, 03 Nov 2022 14:20:49 GMT"},{"payment_type_id":2,"payment_type_name":"SALES_REFUND","created_at":"Thu, 03 Nov 2022 14:20:49 GMT","last_updated":"Thu, 03 Nov 2022 14:20:49 GMT"},{"payment_type_id":3,"payment_type_name":"PURCHASE_PAYMENT","created_at":"Thu, 03 Nov 2022 14:20:49 GMT","last_updated":"Thu, 03 Nov 2022 14:20:49 GMT"},{"payment_type_id":4,"payment_type_name":"PURCHASE_REFUND","created_at":"Thu, 03 Nov 2022 14:20:49 GMT","last_updated":"Thu, 03 Nov 2022 14:20:49 GMT"}]}