{"department":[{"department_id":1,"department_name":"Sales","location":"Manchester","manager":"Richard Roma","created_at":"Thu, 03 Nov 2022 14:20:49 GMT","last_updated":"Thu, 03 Nov 2022 14:20:49 GMT"},{"department_id":2,"department_name":"Purchasing","location":"Manchester","manager":"Naomi Lapaglia","created_at":"Thu, 03 Nov 2022 14:20:49 GMT","last_updated":"Thu, 03 Nov 2022 14:20:49 GMT"},{"department_id":3,"department_name":"Production","location":"Leeds","manager":"Chester Ming","created_at":"Thu, 03 Nov 2022 14:20:49 GMT","last_updated":"Thu, 03 Nov 2022 14:20:49 GMT"},{"department_id":4,"department_name":"Dispatch","location":"Leds","manager":"Mark Hanna","created_at":"Thu, 03 Nov 2022 14:20:49 GMT","last_updated":"Thu, 03 Nov 2022 14:20:49 GMT"},{"department_id":5,"department_name":"Finance","location":"Manchester","manager":"Jordan Belfort","created_at":"Thu, 03 Nov 2022 14:20:49 GMT","last_updated":"Thu, 03 Nov 2022 14:20:49 GMT"},{"department_id":6,"department_name":"Facilities","location":"Manchester","manager":"Shelley Levene","created_at":"Thu, 03 Nov 2022 14:20:49 GMT","last_updated":"Thu, 03 Nov 2022 14:20:49 GMT"},{"department_id":7,"department_name":"Communications","location":"Leeds","manager":"Ann Blake","created_at":"Thu, 03 Nov 2022 14:20:49 GMT","last_updated":"Thu, 03 Nov 2022 14:20:49 GMT"},{"department_id":8,"department_name":"HR","location":"Leeds","manager":"James Link","created_at":"Thu, 03 Nov 2022 14:20:49 GMT","last_updated":"Thu, 03 Nov 2022 14:20:49 GMT"}]}