{"design":[{"design_id":8,"created_at":"Thu, 03 Nov 2022 14:20:49 GMT","design_name":"Wooden","file_location":"/usr","file_name":"wooden-20220717-npgz.json","last_updated":"Thu, 03 Nov 2022 14:20:49 GMT"},{"design_id":51,"created_at":"Thu, 12 Jan 2023 18:50:09 GMT","design_name":"Bronze","file_location":"/private","file_name":"bronze-20221024-4dds.json","last_updated":"Thu, 12 Jan 2023 18:50:09 GMT"},{"design_id":69,"created_at":"Tue, 07 Feb 2023 17:31:10 GMT","design_name":"Bronze","file_location":"/lost+found","file_name":"bronze-20230102-r904.json","last_updated":"Tue, 07 Feb 2023 17:31:10 GMT"},{"design_id":16,"created_at":"Tue, 22 Nov 2022 15:02:10 GMT","design_name":"Soft","file_location":"/System","file_name":"soft-20211001-cjaz.json","last_updated":"Tue, 22 Nov 2022 15:02:10 GMT"},{"design_id":54,"created_at":"Mon, 16 Jan 2023 09:14:09 GMT","design_name":"Plastic","file_location":"/usr/ports","file_name":"plastic-20221206-bw3l.json","last_updated":"Mon, 16 Jan 2023 09:14:09 GMT"},{"design_id":55,"created_at":"Thu, 19 Jan 2023 08:10:10 GMT","design_name":"Concrete","file_location":"/opt/include","file_name":"concrete-20210614-04nd.json","last_updated":"Thu, 19 Jan 2023 08:10:10 GMT"},{"design_id":10,"created_at":"Thu, 03 Nov 2022 14:20:49 GMT","design_name":"Soft","file_location":"/usr/share","file_name":"soft-20220201-hzz1.json","last_updated":"Thu, 03 Nov 2022 14:20:49 GMT"},{"design_id":57,"created_at":"Thu, 19 Jan 2023 10:37:09 GMT","design_name":"Cotton","file_location":"/etc/periodic","file_name":"cotton-20220527-vn4b.json","last_updated":"Thu, 19 Jan 2023 10:37:09 GMT"},{"design_id":41,"created_at":"Fri, 30 Dec 2022 10:06:10 GMT","design_name":"Granite","file_location":"/usr/X11R6","file_name":"granite-20220125-ifwa.json","last_updated":"Fri, 30 Dec 2022 10:06:10 GMT"},{"design_id":45,"created_at":"Wed, 04 Jan 2023 15:24:10 GMT","design_name":"Frozen","file_location":"/Users","file_name":"frozen-20221021-bjqs.json","last_updated":"Wed, 04 Jan 2023 15:24:10 GMT"},{"design_id":2,"created_at":"Thu, 03 Nov 2022 14:20:49 GMT","design_name":"Steel","file_location":"/etc/periodic","file_name":"steel-20210725-fcxq.json","last_updated":"Thu, 03 Nov 2022 14:20:49 GMT"},{"design_id":4,"created_at":"Thu, 03 Nov 2022 14:20:49 GMT","design_name":"Granite","file_location":"/usr/local/src","file_name":"granite-20220430-l5fs.json","last_updated":"Thu, 03 Nov 2022 14:20:49 GMT"},{"design_id":24,"created_at":"Thu, 01 Dec 2022 15:52:09 GMT","design_name":"Granite","file_location":"/etc/mail","file_name":"granite-20210516-8b7j.json","last_updated":"Thu, 01 Dec 2022 15:52:09 GMT"},{"design_id":30,"created_at":"Mon, 12 Dec 2022 13:19:09 GMT","design_name":"Cotton","file_location":"/etc","file_name":"cotton-20220507-r5ui.json","last_updated":"Mon, 12 Dec 2022 13:19:09 GMT"},{"design_id":31,"created_at":"Tue, 13 Dec 2022 12:02:10 GMT","design_name":"Soft","file_location":"/root","file_name":"soft-20221103-i6wm.json","last_updated":"Tue, 13 Dec 2022 12:02:10 GMT"},{"design_id":33,"created_at":"Wed, 14 Dec 2022 10:59:10 GMT","design_name":"Steel","file_location":"/media","file_name":"steel-20220201-shjp.json","last_updated":"Wed, 14 Dec 2022 10:59:10 GMT"},{"design_id":35,"created_at":"Fri, 16 Dec 2022 13:32:10 GMT","design_name":"Wooden","file_location":"/usr/share","file_name":"wooden-20211125-6y56.json","last_updated":"Fri, 16 Dec 2022 13:32:10 GMT"},{"design_id":36,"created_at":"Mon, 19 Dec 2022 09:28:10 GMT","design_name":"Fresh","file_location":"/usr/sbin","file_name":"fresh-20221213-fhsy.json","last_updated":"Mon, 19 Dec 2022 09:28:10 GMT"},{"design_id":12,"created_at":"Tue, 08 Nov 2022 15:41:09 GMT","design_name":"Frozen","file_location":"/private/tmp","file_name":"frozen-20201124-fsdu.json","last_updated":"Tue, 08 Nov 2022 15:41:09 GMT"},{"design_id":39,"created_at":"Mon, 26 Dec 2022 16:26:09 GMT","design_name":"Granite","file_location":"/net","file_name":"granite-20220831-q5ev.json","last_updated":"Mon, 26 Dec 2022 16:26:09 GMT"},{"design_id":15,"created_at":"Mon, 21 Nov 2022 17:09:10 GMT","design_name":"Steel","file_location":"/var/log","file_name":"steel-20210707-zhuw.json","last_updated":"Mon, 21 Nov 2022 17:09:10 GMT"},{"design_id":40,"created_at":"Fri, 30 Dec 2022 09:56:09 GMT","design_name":"Metal","file_location":"/lost+found","file_name":"metal-20221004-53ba.json","last_updated":"Fri, 30 Dec 2022 09:56:09 GMT"},{"design_id":66,"created_at":"Thu, 02 Feb 2023 15:03:09 GMT","design_name":"Metal","file_location":"/rescue","file_name":"metal-20220712-rp0w.json","last_updated":"Thu, 02 Feb 2023 15:03:09 GMT"},{"design_id":42,"created_at":"Fri, 30 Dec 2022 12:14:10 GMT","design_name":"Metal","file_location":"/var/yp","file_name":"metal-20220529-ke0x.json","last_updated":"Fri, 30 Dec 2022 12:14:10 GMT"},{"design_id":21,"created_at":"Wed, 30 Nov 2022 16:08:10 GMT","design_name":"Wooden","file_location":"/opt/lib","file_name":"wooden-20211225-adqt.json","last_updated":"Wed, 30 Nov 2022 16:08:10 GMT"},{"design_id":46,"created_at":"Thu, 05 Jan 2023 11:29:09 GMT","design_name":"Granite","file_location":"/var/tmp","file_name":"granite-20210528-5n3g.json","last_updated":"Thu, 05 Jan 2023 11:29:09 GMT"},{"design_id":20,"created_at":"Wed, 30 Nov 2022 08:34:10 GMT","design_name":"Metal","file_location":"/home","file_name":"metal-20201229-s60u.json","last_updated":"Wed, 30 Nov 2022 08:34:10 GMT"},{"design_id":62,"created_at":"Mon, 23 Jan 2023 09:14:09 GMT","design_name":"Granite","file_location":"/etc/ppp","file_name":"granite-20211004-j4iv.json","last_updated":"Mon, 23 Jan 2023 09:14:09 GMT"},{"design_id":29,"created_at":"Thu, 08 Dec 2022 10:10:10 GMT","design_name":"Bronze","file_location":"/lib","file_name":"bronze-20210307-o8yd.json","last_updated":"Thu, 08 Dec 2022 10:10:10 GMT"},{"design_id":56,"created_at":"Thu, 19 Jan 2023 08:35:09 GMT","design_name":"Steel","file_location":"/usr/libdata","file_name":"steel-20210123-65zd.json","last_updated":"Thu, 19 Jan 2023 08:35:09 GMT"},{"design_id":3,"created_at":"Thu, 03 Nov 2022 14:20:49 GMT","design_name":"Steel","file_location":"/System","file_name":"steel-20210621-13gb.json","last_updated":"Thu, 03 Nov 2022 14:20:49 GMT"},{"design_id":7,"created_at":"Thu, 03 Nov 2022 14:20:49 GMT","design_name":"Wooden","file_location":"/System","file_name":"wooden-20211114-otpq.json","last_updated":"Thu, 03 Nov 2022 14:20:49 GMT"},{"design_id":38,"created_at":"Fri, 23 Dec 2022 09:39:10 GMT","design_name":"Soft","file_location":"/etc/defaults","file_name":"soft-20210917-8ej0.json","last_updated":"Fri, 23 Dec 2022 09:39:10 GMT"},{"design_id":18,"created_at":"Thu, 24 Nov 2022 12:01:10 GMT","design_name":"Bronze","file_location":"/rescue","file_name":"bronze-20210303-f74o.json","last_updated":"Thu, 24 Nov 2022 12:01:10 GMT"},{"design_id":47,"created_at":"Thu, 05 Jan 2023 12:04:09 GMT","design_name":"Steel","file_location":"/Users","file_name":"steel-20210910-skxr.json","last_updated":"Thu, 05 Jan 2023 12:04:09 GMT"},{"design_id":64,"created_at":"Wed, 01 Feb 2023 08:30:10 GMT","design_name":"Plastic","file_location":"/usr/X11R6","file_name":"plastic-20220312-0d0w.json","last_updated":"Wed, 01 Feb 2023 08:30:10 GMT"},{"design_id":67,"created_at":"Thu, 02 Feb 2023 15:12:09 GMT","design_name":"Cotton","file_location":"/usr/share","file_name":"cotton-20220212-yxcz.json","last_updated":"Thu, 02 Feb 2023 15:12:09 GMT"},{"design_id":65,"created_at":"Thu, 02 Feb 2023 14:30:09 GMT","design_name":"Frozen","file_location":"/private","file_name":"frozen-20210506-52tz.json","last_updated":"Thu, 02 Feb 2023 14:30:09 GMT"},{"design_id":60,"created_at":"Fri, 20 Jan 2023 18:01:09 GMT","design_name":"Fresh","file_location":"/usr","file_name":"fresh-20211212-anbo.json","last_updated":"Fri, 20 Jan 2023 18:01:09 GMT"},{"design_id":25,"created_at":"Mon, 05 Dec 2022 14:39:10 GMT","design_name":"Bronze","file_location":"/usr/libexec","file_name":"bronze-20211128-w9ae.json","last_updated":"Mon, 05 Dec 2022 14:39:10 GMT"},{"design_id":71,"created_at":"Thu, 09 Feb 2023 18:34:09 GMT","design_name":"Bronze","file_location":"/usr","file_name":"bronze-20211101-nx5c.json","last_updated":"Thu, 09 Feb 2023 18:34:09 GMT"},{"design_id":53,"created_at":"Fri, 13 Jan 2023 18:26:10 GMT","design_name":"Bronze","file_location":"/opt/lib","file_name":"bronze-20221012-a8mw.json","last_updated":"Fri, 13 Jan 2023 18:26:10 GMT"},{"design_id":48,"created_at":"Wed, 11 Jan 2023 10:28:09 GMT","design_name":"Wooden","file_location":"/opt/share","file_name":"wooden-20220311-xzey.json","last_updated":"Wed, 11 Jan 2023 10:28:09 GMT"},{"design_id":77,"created_at":"Thu, 23 Feb 2023 15:38:10 GMT","design_name":"Bronze","file_location":"/Applications","file_name":"bronze-20220413-hku5.json","last_updated":"Thu, 23 Feb 2023 15:38:10 GMT"},{"design_id":63,"created_at":"Tue, 31 Jan 2023 14:30:09 GMT","design_name":"Fresh","file_location":"/etc","file_name":"fresh-20220123-y982.json","last_updated":"Tue, 31 Jan 2023 14:30:09 GMT"},{"design_id":27,"created_at":"Tue, 06 Dec 2022 17:18:09 GMT","design_name":"Concrete","file_location":"/net","file_name":"concrete-20220508-l474.json","last_updated":"Tue, 06 Dec 2022 17:18:09 GMT"},{"design_id":75,"created_at":"Wed, 22 Feb 2023 12:32:10 GMT","design_name":"Frozen","file_location":"/usr/libexec","file_name":"frozen-20221126-uhaz.json","last_updated":"Wed, 22 Feb 2023 12:32:10 GMT"},{"design_id":44,"created_at":"Wed, 04 Jan 2023 10:08:09 GMT","design_name":"Steel","file_location":"/boot","file_name":"steel-20220628-dqrw.json","last_updated":"Wed, 04 Jan 2023 10:08:09 GMT"},{"design_id":79,"created_at":"Mon, 27 Feb 2023 16:23:10 GMT","design_name":"Cotton","file_location":"/usr/libdata","file_name":"cotton-20230204-8wx0.json","last_updated":"Mon, 27 Feb 2023 16:23:10 GMT"},{"design_id":22,"created_at":"Thu, 01 Dec 2022 10:54:09 GMT","design_name":"Fresh","file_location":"/opt","file_name":"fresh-20210615-opko.json","last_updated":"Thu, 01 Dec 2022 10:54:09 GMT"},{"design_id":80,"created_at":"Tue, 28 Feb 2023 09:55:09 GMT","design_name":"Rubber","file_location":"/selinux","file_name":"rubber-20220421-8qca.json","last_updated":"Tue, 28 Feb 2023 09:55:09 GMT"},{"design_id":81,"created_at":"Tue, 28 Feb 2023 10:02:09 GMT","design_name":"Plastic","file_location":"/sbin","file_name":"plastic-20221224-cpuv.json","last_updated":"Tue, 28 Feb 2023 10:02:09 GMT"},{"design_id":82,"created_at":"Tue, 28 Feb 2023 18:19:09 GMT","design_name":"Bronze","file_location":"/home","file_name":"bronze-20220618-25np.json","last_updated":"Tue, 28 Feb 2023 18:19:09 GMT"},{"design_id":6,"created_at":"Thu, 03 Nov 2022 14:20:49 GMT","design_name":"Fresh","file_location":"/opt/sbin","file_name":"fresh-20220807-6ycu.json","last_updated":"Thu, 03 Nov 2022 14:20:49 GMT"},{"design_id":61,"created_at":"Mon, 23 Jan 2023 08:43:10 GMT","design_name":"Cotton","file_location":"/dev","file_name":"cotton-20220616-8nc6.json","last_updated":"Mon, 23 Jan 2023 08:43:10 GMT"},{"design_id":13,"created_at":"Thu, 10 Nov 2022 18:28:10 GMT","design_name":"Granite","file_location":"/home/user/dir","file_name":"granite-20220705-4y7t.json","last_updated":"Thu, 10 Nov 2022 18:28:10 GMT"},{"design_id":26,"created_at":"Tue, 06 Dec 2022 10:49:10 GMT","design_name":"Rubber","file_location":"/etc/periodic","file_name":"rubber-20220814-o6dm.json","last_updated":"Tue, 06 Dec 2022 10:49:10 GMT"},{"design_id":52,"created_at":"Fri, 13 Jan 2023 11:50:10 GMT","design_name":"Bronze","file_location":"/etc/namedb","file_name":"bronze-20210909-ghv2.json","last_updated":"Fri, 13 Jan 2023 11:50:10 GMT"},{"design_id":78,"created_at":"Fri, 24 Feb 2023 13:02:09 GMT","design_name":"Fresh","file_location":"/etc","file_name":"fresh-20210425-bbsy.json","last_updated":"Fri, 24 Feb 2023 13:02:09 GMT"},{"design_id":9,"created_at":"Thu, 03 Nov 2022 14:20:49 GMT","design_name":"Concrete","file_location":"/private/var","file_name":"concrete-20211012-auw9.json","last_updated":"Thu, 03 Nov 2022 14:20:49 GMT"},{"design_id":32,"created_at":"Tue, 13 Dec 2022 14:29:09 GMT","design_name":"Plastic","file_location":"/private/var","file_name":"plastic-20210324-jxeq.json","last_updated":"Tue, 13 Dec 2022 14:29:09 GMT"},{"design_id":19,"created_at":"Tue, 29 Nov 2022 17:46:09 GMT","design_name":"Frozen","file_location":"/lost+found","file_name":"frozen-20210815-rl8i.json","last_updated":"Tue, 29 Nov 2022 17:46:09 GMT"},{"design_id":49,"created_at":"Thu, 12 Jan 2023 08:17:09 GMT","design_name":"Bronze","file_location":"/usr/lib","file_name":"bronze-20220422-3ly6.json","last_updated":"Thu, 12 Jan 2023 08:17:09 GMT"},{"design_id":23,"created_at":"Thu, 01 Dec 2022 13:40:09 GMT","design_name":"Soft","file_location":"/var/log","file_name":"soft-20210907-yf4z.json","last_updated":"Thu, 01 Dec 2022 13:40:09 GMT"},{"design_id":68,"created_at":"Mon, 06 Feb 2023 08:15:09 GMT","design_name":"Concrete","file_location":"/home/user","file_name":"concrete-20210929-235v.json","last_updated":"Mon, 06 Feb 2023 08:15:09 GMT"},{"design_id":11,"created_at":"Fri, 04 Nov 2022 13:23:10 GMT","design_name":"Cotton","file_location":"/net","file_name":"cotton-20211005-yxjd.json","last_updated":"Fri, 04 Nov 2022 13:23:10 GMT"},{"design_id":73,"created_at":"Thu, 16 Feb 2023 09:33:10 GMT","design_name":"Granite","file_location":"/usr/share","file_name":"granite-20221221-ro5o.json","last_updated":"Thu, 16 Feb 2023 09:33:10 GMT"},{"design_id":1,"created_at":"Thu, 03 Nov 2022 14:20:49 GMT","design_name":"Wooden","file_location":"/lib","file_name":"wooden-20201128-jdvi.json","last_updated":"Thu, 03 Nov 2022 14:20:49 GMT"},{"design_id":34,"created_at":"Thu, 15 Dec 2022 14:20:10 GMT","design_name":"Wooden","file_location":"/usr/local/bin","file_name":"wooden-20211101-2wja.json","last_updated":"Thu, 15 Dec 2022 14:20:10 GMT"},{"design_id":28,"created_at":"Wed, 07 Dec 2022 10:12:10 GMT","design_name":"Bronze","file_location":"/etc","file_name":"bronze-20210303-d7r1.json","last_updated":"Wed, 07 Dec 2022 10:12:10 GMT"},{"design_id":58,"created_at":"Thu, 19 Jan 2023 15:24:09 GMT","design_name":"Soft","file_location":"/net","file_name":"soft-20220713-5yjr.json","last_updated":"Thu, 19 Jan 2023 15:24:09 GMT"},{"design_id":43,"created_at":"Mon, 02 Jan 2023 10:13:09 GMT","design_name":"Plastic","file_location":"/mnt","file_name":"plastic-20220327-9enf.json","last_updated":"Mon, 02 Jan 2023 10:13:09 GMT"},{"design_id":5,"created_at":"Thu, 03 Nov 2022 14:20:49 GMT","design_name":"Granite","file_location":"/Network","file_name":"granite-20220419-b6n4.json","last_updated":"Thu, 03 Nov 2022 14:20:49 GMT"},{"design_id":70,"created_at":"Wed, 08 Feb 2023 15:29:09 GMT","design_name":"Cotton","file_location":"/home/user/dir","file_name":"cotton-20220124-9xol.json","last_updated":"Wed, 08 Feb 2023 15:29:09 GMT"},{"design_id":14,"created_at":"Mon, 14 Nov 2022 12:48:09 GMT","design_name":"Granite","file_location":"/usr/obj","file_name":"granite-20210406-uwqg.json","last_updated":"Mon, 14 Nov 2022 12:48:09 GMT"},{"design_id":37,"created_at":"Tue, 20 Dec 2022 09:36:10 GMT","design_name":"Frozen","file_location":"/etc/namedb","file_name":"frozen-20210909-nxsu.json","last_updated":"Tue, 20 Dec 2022 09:36:10 GMT"},{"design_id":76,"created_at":"Wed, 22 Feb 2023 18:26:10 GMT","design_name":"Fresh","file_location":"/boot/defaults","file_name":"fresh-20220725-ytrh.json","last_updated":"Wed, 22 Feb 2023 18:26:10 GMT"},{"design_id":17,"created_at":"Wed, 23 Nov 2022 09:41:10 GMT","design_name":"Soft","file_location":"/usr/include","file_name":"soft-20210904-uwsd.json","last_updated":"Wed, 23 Nov 2022 09:41:10 GMT"},{"design_id":50,"created_at":"Thu, 12 Jan 2023 16:31:09 GMT","design_name":"Granite","file_location":"/proc","file_name":"granite-20220205-3vfw.json","last_updated":"Thu, 12 Jan 2023 16:31:09 GMT"},{"design_id":59,"created_at":"Fri, 20 Jan 2023 11:20:10 GMT","design_name":"Cotton","file_location":"/root","file_name":"cotton-20210901-bgz0.json","last_updated":"Fri, 20 Jan 2023 11:20:10 GMT"},{"design_id":86,"created_at":"Wed, 08 Mar 2023 09:33:10 GMT","design_name":"Plastic","file_location":"/usr/obj","file_name":"plastic-20211205-bg4r.json","last_updated":"Wed, 08 Mar 2023 09:33:10 GMT"},{"design_id":87,"created_at":"Wed, 08 Mar 2023 13:41:10 GMT","design_name":"Metal","file_location":"/home/user/dir","file_name":"metal-20230212-gb94.json","last_updated":"Wed, 08 Mar 2023 13:41:10 GMT"},{"design_id":89,"created_at":"Tue, 14 Mar 2023 08:25:09 GMT","design_name":"Concrete","file_location":"/usr/bin","file_name":"concrete-20221230-2chq.json","last_updated":"Tue, 14 Mar 2023 08:25:09 GMT"},{"design_id":90,"created_at":"Tue, 14 Mar 2023 09:26:10 GMT","design_name":"Steel","file_location":"/net","file_name":"steel-20230209-1nfx.json","last_updated":"Tue, 14 Mar 2023 09:26:10 GMT"},{"design_id":93,"created_at":"Wed, 15 Mar 2023 09:59:10 GMT","design_name":"Frozen","file_location":"/opt/lib","file_name":"frozen-20220223-4zsk.json","last_updated":"Wed, 15 Mar 2023 09:59:10 GMT"},{"design_id":94,"created_at":"Wed, 15 Mar 2023 18:19:10 GMT","design_name":"Soft","file_location":"/usr/share","file_name":"soft-20220425-7vge.json","last_updated":"Wed, 15 Mar 2023 18:19:10 GMT"},{"design_id":95,"created_at":"Thu, 16 Mar 2023 10:28:10 GMT","design_name":"Soft","file_location":"/etc/namedb","file_name":"soft-20210815-c8lb.json","last_updated":"Thu, 16 Mar 2023 10:28:10 GMT"},{"design_id":96,"created_at":"Thu, 16 Mar 2023 15:09:09 GMT","design_name":"Soft","file_location":"/var/spool","file_name":"soft-20210925-iz9a.json","last_updated":"Thu, 16 Mar 2023 15:09:09 GMT"},{"design_id":97,"created_at":"Mon, 20 Mar 2023 09:46:09 GMT","design_name":"Plastic","file_location":"/usr","file_name":"plastic-20211226-m4aw.json","last_updated":"Mon, 20 Mar 2023 09:46:09 GMT"},{"design_id":98,"created_at":"Mon, 20 Mar 2023 12:50:09 GMT","design_name":"Concrete","file_location":"/sys","file_name":"concrete-20221208-lo7a.json","last_updated":"Mon, 20 Mar 2023 12:50:09 GMT"},{"design_id":99,"created_at":"Tue, 21 Mar 2023 08:44:09 GMT","design_name":"Fresh","file_location":"/usr/ports","file_name":"fresh-20210508-47n4.json","last_updated":"Tue, 21 Mar 2023 08:44:09 GMT"},{"design_id":103,"created_at":"Mon, 27 Mar 2023 08:22:09 GMT","design_name":"Wooden","file_location":"/opt/include","file_name":"wooden-20210915-yhkv.json","last_updated":"Mon, 27 Mar 2023 08:22:09 GMT"},{"design_id":104,"created_at":"Mon, 27 Mar 2023 09:43:09 GMT","design_name":"Granite","file_location":"/opt/lib","file_name":"granite-20211018-eo1o.json","last_updated":"Mon, 27 Mar 2023 09:43:09 GMT"},{"design_id":105,"created_at":"Mon, 27 Mar 2023 15:59:09 GMT","design_name":"Fresh","file_location":"/var/log","file_name":"fresh-20210707-hfiz.json","last_updated":"Mon, 27 Mar 2023 15:59:09 GMT"},{"design_id":102,"created_at":"Thu, 23 Mar 2023 10:57:09 GMT","design_name":"Granite","file_location":"/System","file_name":"granite-20210604-fjnp.json","last_updated":"Thu, 23 Mar 2023 10:57:09 GMT"},{"design_id":108,"created_at":"Fri, 31 Mar 2023 15:05:09 GMT","design_name":"Cotton","file_location":"/opt/lib","file_name":"cotton-20220215-v0be.json","last_updated":"Fri, 31 Mar 2023 15:05:09 GMT"},{"design_id":110,"created_at":"Mon, 03 Apr 2023 12:01:09 GMT","design_name":"Frozen","file_location":"/opt/sbin","file_name":"frozen-20220811-u7v4.json","last_updated":"Mon, 03 Apr 2023 12:01:09 GMT"},{"design_id":113,"created_at":"Thu, 06 Apr 2023 15:46:09 GMT","design_name":"Metal","file_location":"/usr/libexec","file_name":"metal-20230104-81ah.json","last_updated":"Thu, 06 Apr 2023 15:46:09 GMT"},{"design_id":115,"created_at":"Wed, 12 Apr 2023 09:39:09 GMT","design_name":"Wooden","file_location":"/var/log","file_name":"wooden-20220218-sioz.json","last_updated":"Wed, 12 Apr 2023 09:39:09 GMT"},{"design_id":116,"created_at":"Thu, 13 Apr 2023 09:45:09 GMT","design_name":"Rubber","file_location":"/etc/mail","file_name":"rubber-20220905-7ug5.json","last_updated":"Thu, 13 Apr 2023 09:45:09 GMT"},{"design_id":118,"created_at":"Fri, 14 Apr 2023 18:54:09 GMT","design_name":"Metal","file_location":"/usr/src","file_name":"metal-20221219-gy2p.json","last_updated":"Fri, 14 Apr 2023 18:54:09 GMT"},{"design_id":120,"created_at":"Mon, 17 Apr 2023 15:22:09 GMT","design_name":"Wooden","file_location":"/media","file_name":"wooden-20221118-fy74.json","last_updated":"Mon, 17 Apr 2023 15:22:09 GMT"},{"design_id":114,"created_at":"Mon, 10 Apr 2023 18:58:09 GMT","design_name":"Frozen","file_location":"/Library","file_name":"frozen-20220409-xx0n.json","last_updated":"Mon, 10 Apr 2023 18:58:09 GMT"},{"design_id":122,"created_at":"Wed, 19 Apr 2023 10:53:09 GMT","design_name":"Bronze","file_location":"/dev","file_name":"bronze-20220522-ciu2.json","last_updated":"Wed, 19 Apr 2023 10:53:09 GMT"},{"design_id":126,"created_at":"Fri, 21 Apr 2023 13:14:09 GMT","design_name":"Bronze","file_location":"/var/yp","file_name":"bronze-20211208-xkxm.json","last_updated":"Fri, 21 Apr 2023 13:14:09 GMT"},{"design_id":127,"created_at":"Fri, 21 Apr 2023 18:45:10 GMT","design_name":"Bronze","file_location":"/net","file_name":"bronze-20210605-o6eo.json","last_updated":"Fri, 21 Apr 2023 18:45:10 GMT"},{"design_id":117,"created_at":"Fri, 14 Apr 2023 11:00:09 GMT","design_name":"Plastic","file_location":"/etc/mail","file_name":"plastic-20210826-05cx.json","last_updated":"Fri, 14 Apr 2023 11:00:09 GMT"},{"design_id":129,"created_at":"Mon, 24 Apr 2023 17:47:09 GMT","design_name":"Frozen","file_location":"/var","file_name":"frozen-20210826-jmyj.json","last_updated":"Mon, 24 Apr 2023 17:47:09 GMT"},{"design_id":130,"created_at":"Tue, 25 Apr 2023 08:15:10 GMT","design_name":"Soft","file_location":"/usr/ports","file_name":"soft-20220110-ku7d.json","last_updated":"Tue, 25 Apr 2023 08:15:10 GMT"},{"design_id":131,"created_at":"Thu, 27 Apr 2023 14:41:09 GMT","design_name":"Bronze","file_location":"/usr/obj","file_name":"bronze-20210822-r8jg.json","last_updated":"Thu, 27 Apr 2023 14:41:09 GMT"},{"design_id":133,"created_at":"Fri, 28 Apr 2023 11:26:09 GMT","design_name":"Soft","file_location":"/root","file_name":"soft-20230204-9epx.json","last_updated":"Fri, 28 Apr 2023 11:26:09 GMT"},{"design_id":128,"created_at":"Mon, 24 Apr 2023 10:25:09 GMT","design_name":"Steel","file_location":"/etc/ppp","file_name":"steel-20220524-bp6u.json","last_updated":"Mon, 24 Apr 2023 10:25:09 GMT"},{"design_id":136,"created_at":"Wed, 03 May 2023 13:41:09 GMT","design_name":"Wooden","file_location":"/root","file_name":"wooden-20210803-ftxe.json","last_updated":"Wed, 03 May 2023 13:41:09 GMT"},{"design_id":147,"created_at":"Tue, 16 May 2023 11:13:09 GMT","design_name":"Fresh","file_location":"/opt/lib","file_name":"fresh-20210629-bdz8.json","last_updated":"Tue, 16 May 2023 11:13:09 GMT"},{"design_id":137,"created_at":"Thu, 04 May 2023 10:01:09 GMT","design_name":"Granite","file_location":"/Users","file_name":"granite-20220515-ut6f.json","last_updated":"Thu, 04 May 2023 10:01:09 GMT"},{"design_id":138,"created_at":"Mon, 08 May 2023 09:07:09 GMT","design_name":"Steel","file_location":"/var/log","file_name":"steel-20220810-qfe8.json","last_updated":"Mon, 08 May 2023 09:07:09 GMT"},{"design_id":140,"created_at":"Tue, 09 May 2023 13:50:09 GMT","design_name":"Plastic","file_location":"/opt/lib","file_name":"plastic-20210708-oxwg.json","last_updated":"Tue, 09 May 2023 13:50:09 GMT"},{"design_id":142,"created_at":"Wed, 10 May 2023 17:28:09 GMT","design_name":"Steel","file_location":"/dev","file_name":"steel-20220403-f7zn.json","last_updated":"Wed, 10 May 2023 17:28:09 GMT"},{"design_id":132,"created_at":"Fri, 28 Apr 2023 10:51:09 GMT","design_name":"Wooden","file_location":"/usr/lib","file_name":"wooden-20210716-efid.json","last_updated":"Fri, 28 Apr 2023 10:51:09 GMT"},{"design_id":144,"created_at":"Fri, 12 May 2023 12:37:09 GMT","design_name":"Frozen","file_location":"/Applications","file_name":"frozen-20220202-xj5a.json","last_updated":"Fri, 12 May 2023 12:37:09 GMT"},{"design_id":146,"created_at":"Mon, 15 May 2023 08:50:09 GMT","design_name":"Metal","file_location":"/opt/include","file_name":"metal-20211003-pqut.json","last_updated":"Mon, 15 May 2023 08:50:09 GMT"},{"design_id":148,"created_at":"Wed, 17 May 2023 12:52:09 GMT","design_name":"Soft","file_location":"/usr/sbin","file_name":"soft-20211031-r8ls.json","last_updated":"Wed, 17 May 2023 12:52:09 GMT"},{"design_id":149,"created_at":"Thu, 18 May 2023 10:16:10 GMT","design_name":"Concrete","file_location":"/sys","file_name":"concrete-20211206-42cj.json","last_updated":"Thu, 18 May 2023 10:16:10 GMT"},{"design_id":72,"created_at":"Fri, 10 Feb 2023 09:41:09 GMT","design_name":"Granite","file_location":"/etc/periodic","file_name":"granite-20211018-8105.json","last_updated":"Fri, 10 Feb 2023 09:41:09 GMT"},{"design_id":156,"created_at":"Thu, 01 Jun 2023 11:30:09 GMT","design_name":"Plastic","file_location":"/etc/periodic","file_name":"plastic-20221227-yh2k.json","last_updated":"Thu, 01 Jun 2023 11:30:09 GMT"},{"design_id":157,"created_at":"Mon, 05 Jun 2023 12:55:09 GMT","design_name":"Metal","file_location":"/System","file_name":"metal-20211011-vn19.json","last_updated":"Mon, 05 Jun 2023 12:55:09 GMT"},{"design_id":159,"created_at":"Tue, 06 Jun 2023 14:52:09 GMT","design_name":"Concrete","file_location":"/bin","file_name":"concrete-20230515-hz70.json","last_updated":"Tue, 06 Jun 2023 14:52:09 GMT"},{"design_id":161,"created_at":"Thu, 08 Jun 2023 09:40:09 GMT","design_name":"Concrete","file_location":"/selinux","file_name":"concrete-20211003-8qf1.json","last_updated":"Thu, 08 Jun 2023 09:40:09 GMT"},{"design_id":141,"created_at":"Tue, 09 May 2023 18:41:09 GMT","design_name":"Metal","file_location":"/sbin","file_name":"metal-20220620-3qt5.json","last_updated":"Tue, 09 May 2023 18:41:09 GMT"},{"design_id":162,"created_at":"Fri, 09 Jun 2023 17:46:09 GMT","design_name":"Rubber","file_location":"/opt","file_name":"rubber-20221111-2g9s.json","last_updated":"Fri, 09 Jun 2023 17:46:09 GMT"},{"design_id":163,"created_at":"Mon, 12 Jun 2023 12:04:09 GMT","design_name":"Plastic","file_location":"/lib","file_name":"plastic-20220630-m2sx.json","last_updated":"Mon, 12 Jun 2023 12:04:09 GMT"},{"design_id":101,"created_at":"Thu, 23 Mar 2023 08:17:09 GMT","design_name":"Granite","file_location":"/Users","file_name":"granite-20211224-9u2x.json","last_updated":"Thu, 23 Mar 2023 08:17:09 GMT"},{"design_id":158,"created_at":"Mon, 05 Jun 2023 13:56:09 GMT","design_name":"Frozen","file_location":"/System","file_name":"frozen-20210804-24dq.json","last_updated":"Mon, 05 Jun 2023 13:56:09 GMT"},{"design_id":145,"created_at":"Fri, 12 May 2023 17:22:09 GMT","design_name":"Fresh","file_location":"/sbin","file_name":"fresh-20220908-nejm.json","last_updated":"Fri, 12 May 2023 17:22:09 GMT"},{"design_id":139,"created_at":"Mon, 08 May 2023 18:41:09 GMT","design_name":"Wooden","file_location":"/boot/defaults","file_name":"wooden-20211028-8e7p.json","last_updated":"Mon, 08 May 2023 18:41:09 GMT"},{"design_id":119,"created_at":"Mon, 17 Apr 2023 10:13:09 GMT","design_name":"Fresh","file_location":"/bin","file_name":"fresh-20220329-sq22.json","last_updated":"Mon, 17 Apr 2023 10:13:09 GMT"},{"design_id":154,"created_at":"Tue, 30 May 2023 15:54:09 GMT","design_name":"Steel","file_location":"/usr/local/src","file_name":"steel-20210722-6cs3.json","last_updated":"Tue, 30 May 2023 15:54:09 GMT"},{"design_id":123,"created_at":"Wed, 19 Apr 2023 14:17:09 GMT","design_name":"Soft","file_location":"/usr/src","file_name":"soft-20220308-59rv.json","last_updated":"Wed, 19 Apr 2023 14:17:09 GMT"},{"design_id":106,"created_at":"Mon, 27 Mar 2023 17:23:09 GMT","design_name":"Concrete","file_location":"/home/user/dir","file_name":"concrete-20230204-jsls.json","last_updated":"Mon, 27 Mar 2023 17:23:09 GMT"},{"design_id":84,"created_at":"Fri, 03 Mar 2023 15:13:09 GMT","design_name":"Cotton","file_location":"/private","file_name":"cotton-20221215-qgb4.json","last_updated":"Fri, 03 Mar 2023 15:13:09 GMT"},{"design_id":150,"created_at":"Fri, 19 May 2023 14:06:09 GMT","design_name":"Rubber","file_location":"/Network","file_name":"rubber-20220216-6lqz.json","last_updated":"Fri, 19 May 2023 14:06:09 GMT"},{"design_id":74,"created_at":"Fri, 17 Feb 2023 08:24:09 GMT","design_name":"Steel","file_location":"/etc/defaults","file_name":"steel-20210918-u2of.json","last_updated":"Fri, 17 Feb 2023 08:24:09 GMT"},{"design_id":152,"created_at":"Mon, 22 May 2023 10:57:09 GMT","design_name":"Cotton","file_location":"/opt/sbin","file_name":"cotton-20230414-ca1r.json","last_updated":"Mon, 22 May 2023 10:57:09 GMT"},{"design_id":107,"created_at":"Wed, 29 Mar 2023 18:32:09 GMT","design_name":"Cotton","file_location":"/home/user","file_name":"cotton-20220311-2ouk.json","last_updated":"Wed, 29 Mar 2023 18:32:09 GMT"},{"design_id":124,"created_at":"Thu, 20 Apr 2023 10:52:10 GMT","design_name":"Steel","file_location":"/proc","file_name":"steel-20211017-ye3d.json","last_updated":"Thu, 20 Apr 2023 10:52:10 GMT"},{"design_id":83,"created_at":"Fri, 03 Mar 2023 10:36:10 GMT","design_name":"Frozen","file_location":"/mnt","file_name":"frozen-20210527-z7mi.json","last_updated":"Fri, 03 Mar 2023 10:36:10 GMT"},{"design_id":92,"created_at":"Tue, 14 Mar 2023 16:15:09 GMT","design_name":"Soft","file_location":"/home/user/dir","file_name":"soft-20221011-kqhw.json","last_updated":"Tue, 14 Mar 2023 16:15:09 GMT"},{"design_id":153,"created_at":"Tue, 30 May 2023 11:24:09 GMT","design_name":"Rubber","file_location":"/bin","file_name":"rubber-20210819-z68w.json","last_updated":"Tue, 30 May 2023 11:24:09 GMT"},{"design_id":121,"created_at":"Mon, 17 Apr 2023 18:28:10 GMT","design_name":"Rubber","file_location":"/selinux","file_name":"rubber-20220129-pxme.json","last_updated":"Mon, 17 Apr 2023 18:28:10 GMT"},{"design_id":88,"created_at":"Fri, 10 Mar 2023 12:36:10 GMT","design_name":"Bronze","file_location":"/usr/lib","file_name":"bronze-20211230-5u6g.json","last_updated":"Fri, 10 Mar 2023 12:36:10 GMT"},{"design_id":155,"created_at":"Wed, 31 May 2023 08:00:12 GMT","design_name":"Metal","file_location":"/opt/lib","file_name":"metal-20230228-wa21.json","last_updated":"Wed, 31 May 2023 08:00:12 GMT"},{"design_id":134,"created_at":"Fri, 28 Apr 2023 11:39:09 GMT","design_name":"Concrete","file_location":"/proc","file_name":"concrete-20210809-7v5y.json","last_updated":"Fri, 28 Apr 2023 11:39:09 GMT"},{"design_id":112,"created_at":"Thu, 06 Apr 2023 12:54:09 GMT","design_name":"Cotton","file_location":"/selinux","file_name":"cotton-20220621-k1hx.json","last_updated":"Thu, 06 Apr 2023 12:54:09 GMT"},{"design_id":109,"created_at":"Mon, 03 Apr 2023 09:20:09 GMT","design_name":"Rubber","file_location":"/usr/share","file_name":"rubber-20220705-kkib.json","last_updated":"Mon, 03 Apr 2023 09:20:09 GMT"},{"design_id":135,"created_at":"Fri, 28 Apr 2023 14:33:10 GMT","design_name":"Cotton","file_location":"/usr/libexec","file_name":"cotton-20210622-ktx8.json","last_updated":"Fri, 28 Apr 2023 14:33:10 GMT"},{"design_id":91,"created_at":"Tue, 14 Mar 2023 16:00:09 GMT","design_name":"Bronze","file_location":"/sbin","file_name":"bronze-20220402-mm8l.json","last_updated":"Tue, 14 Mar 2023 16:00:09 GMT"},{"design_id":111,"created_at":"Wed, 05 Apr 2023 13:57:09 GMT","design_name":"Plastic","file_location":"/srv","file_name":"plastic-20220907-h15e.json","last_updated":"Wed, 05 Apr 2023 13:57:09 GMT"},{"design_id":151,"created_at":"Fri, 19 May 2023 18:05:09 GMT","design_name":"Metal","file_location":"/bin","file_name":"metal-20220825-4lso.json","last_updated":"Fri, 19 May 2023 18:05:09 GMT"},{"design_id":143,"created_at":"Thu, 11 May 2023 18:11:09 GMT","design_name":"Rubber","file_location":"/tmp","file_name":"rubber-20220213-inka.json","last_updated":"Thu, 11 May 2023 18:11:09 GMT"},{"design_id":100,"created_at":"Wed, 22 Mar 2023 14:50:09 GMT","design_name":"Rubber","file_location":"/home/user/dir","file_name":"rubber-20220922-qyh9.json","last_updated":"Wed, 22 Mar 2023 14:50:09 GMT"},{"design_id":85,"created_at":"Mon, 06 Mar 2023 14:14:09 GMT","design_name":"Fresh","file_location":"/usr","file_name":"fresh-20230226-7p3x.json","last_updated":"Mon, 06 Mar 2023 14:14:09 GMT"},{"design_id":160,"created_at":"Wed, 07 Jun 2023 09:07:09 GMT","design_name":"Steel","file_location":"/usr/local/bin","file_name":"steel-20220811-rn9u.json","last_updated":"Wed, 07 Jun 2023 09:07:09 GMT"},{"design_id":164,"created_at":"Tue, 13 Jun 2023 12:25:09 GMT","design_name":"Cotton","file_location":"/etc","file_name":"cotton-20220728-2rm8.json","last_updated":"Tue, 13 Jun 2023 12:25:09 GMT"},{"design_id":166,"created_at":"Thu, 15 Jun 2023 14:16:09 GMT","design_name":"Granite","file_location":"/opt/bin","file_name":"granite-20211218-2uj7.json","last_updated":"Thu, 15 Jun 2023 14:16:09 GMT"},{"design_id":167,"created_at":"Thu, 22 Jun 2023 14:06:09 GMT","design_name":"Frozen","file_location":"/selinux","file_name":"frozen-20220929-xo6g.json","last_updated":"Thu, 22 Jun 2023 14:06:09 GMT"},{"design_id":168,"created_at":"Mon, 26 Jun 2023 13:29:09 GMT","design_name":"Bronze","file_location":"/boot/defaults","file_name":"bronze-20220314-ocoo.json","last_updated":"Mon, 26 Jun 2023 13:29:09 GMT"},{"design_id":169,"created_at":"Mon, 26 Jun 2023 18:43:09 GMT","design_name":"Frozen","file_location":"/selinux","file_name":"frozen-20220909-chdu.json","last_updated":"Mon, 26 Jun 2023 18:43:09 GMT"},{"design_id":170,"created_at":"Wed, 28 Jun 2023 16:34:09 GMT","design_name":"Granite","file_location":"/Applications","file_name":"granite-20221022-1wfm.json","last_updated":"Wed, 28 Jun 2023 16:34:09 GMT"},{"design_id":171,"created_at":"Mon, 03 Jul 2023 18:22:09 GMT","design_name":"Plastic","file_location":"/usr","file_name":"plastic-20220316-dn2a.json","last_updated":"Mon, 03 Jul 2023 18:22:09 GMT"},{"design_id":165,"created_at":"Tue, 13 Jun 2023 16:36:10 GMT","design_name":"Granite","file_location":"/opt/include","file_name":"granite-20211013-sk3j.json","last_updated":"Tue, 13 Jun 2023 16:36:10 GMT"},{"design_id":173,"created_at":"Tue, 11 Jul 2023 12:19:09 GMT","design_name":"Soft","file_location":"/mnt","file_name":"soft-20220721-v4jl.json","last_updated":"Tue, 11 Jul 2023 12:19:09 GMT"},{"design_id":175,"created_at":"Wed, 12 Jul 2023 18:13:09 GMT","design_name":"Rubber","file_location":"/opt/bin","file_name":"rubber-20220911-wl13.json","last_updated":"Wed, 12 Jul 2023 18:13:09 GMT"},{"design_id":178,"created_at":"Thu, 20 Jul 2023 09:29:09 GMT","design_name":"Granite","file_location":"/home/user","file_name":"granite-20230213-jtdo.json","last_updated":"Thu, 20 Jul 2023 09:29:09 GMT"},{"design_id":179,"created_at":"Fri, 21 Jul 2023 09:42:09 GMT","design_name":"Fresh","file_location":"/etc/defaults","file_name":"fresh-20230712-odco.json","last_updated":"Fri, 21 Jul 2023 09:42:09 GMT"},{"design_id":180,"created_at":"Tue, 25 Jul 2023 12:28:09 GMT","design_name":"Soft","file_location":"/usr/ports","file_name":"soft-20220115-m6dl.json","last_updated":"Tue, 25 Jul 2023 12:28:09 GMT"},{"design_id":181,"created_at":"Tue, 25 Jul 2023 17:12:09 GMT","design_name":"Granite","file_location":"/usr/include","file_name":"granite-20230402-fm1k.json","last_updated":"Tue, 25 Jul 2023 17:12:09 GMT"},{"design_id":182,"created_at":"Thu, 27 Jul 2023 13:00:09 GMT","design_name":"Rubber","file_location":"/usr/X11R6","file_name":"rubber-20220531-cxcj.json","last_updated":"Thu, 27 Jul 2023 13:00:09 GMT"},{"design_id":183,"created_at":"Thu, 03 Aug 2023 17:33:09 GMT","design_name":"Plastic","file_location":"/var/yp","file_name":"plastic-20230222-ogev.json","last_updated":"Thu, 03 Aug 2023 17:33:09 GMT"},{"design_id":184,"created_at":"Thu, 03 Aug 2023 17:34:09 GMT","design_name":"Frozen","file_location":"/var","file_name":"frozen-20230513-v3xy.json","last_updated":"Thu, 03 Aug 2023 17:34:09 GMT"},{"design_id":185,"created_at":"Tue, 08 Aug 2023 10:41:09 GMT","design_name":"Soft","file_location":"/var/mail","file_name":"soft-20220408-1vkx.json","last_updated":"Tue, 08 Aug 2023 10:41:09 GMT"},{"design_id":177,"created_at":"Thu, 20 Jul 2023 08:12:09 GMT","design_name":"Bronze","file_location":"/usr/include","file_name":"bronze-20230211-72k2.json","last_updated":"Thu, 20 Jul 2023 08:12:09 GMT"},{"design_id":189,"created_at":"Fri, 11 Aug 2023 15:52:09 GMT","design_name":"Cotton","file_location":"/etc/namedb","file_name":"cotton-20210929-nvvm.json","last_updated":"Fri, 11 Aug 2023 15:52:09 GMT"},{"design_id":174,"created_at":"Tue, 11 Jul 2023 13:08:09 GMT","design_name":"Plastic","file_location":"/var/tmp","file_name":"plastic-20220408-g5ei.json","last_updated":"Tue, 11 Jul 2023 13:08:09 GMT"},{"design_id":190,"created_at":"Thu, 17 Aug 2023 13:02:09 GMT","design_name":"Steel","file_location":"/usr/libdata","file_name":"steel-20230522-9l5i.json","last_updated":"Thu, 17 Aug 2023 13:02:09 GMT"},{"design_id":218,"created_at":"Tue, 26 Sep 2023 14:59:09 GMT","design_name":"Bronze","file_location":"/usr/sbin","file_name":"bronze-20221007-najo.json","last_updated":"Tue, 26 Sep 2023 14:59:09 GMT"},{"design_id":193,"created_at":"Tue, 22 Aug 2023 14:41:09 GMT","design_name":"Frozen","file_location":"/etc/periodic","file_name":"frozen-20210826-awdx.json","last_updated":"Tue, 22 Aug 2023 14:41:09 GMT"},{"design_id":194,"created_at":"Tue, 22 Aug 2023 18:40:09 GMT","design_name":"Cotton","file_location":"/usr/libexec","file_name":"cotton-20230111-bcst.json","last_updated":"Tue, 22 Aug 2023 18:40:09 GMT"},{"design_id":195,"created_at":"Wed, 23 Aug 2023 10:42:09 GMT","design_name":"Soft","file_location":"/sys","file_name":"soft-20220507-mul5.json","last_updated":"Wed, 23 Aug 2023 10:42:09 GMT"},{"design_id":196,"created_at":"Mon, 28 Aug 2023 09:06:09 GMT","design_name":"Soft","file_location":"/usr/X11R6","file_name":"soft-20210907-shxs.json","last_updated":"Mon, 28 Aug 2023 09:06:09 GMT"},{"design_id":197,"created_at":"Fri, 01 Sep 2023 18:54:10 GMT","design_name":"Soft","file_location":"/private","file_name":"soft-20230724-fhzz.json","last_updated":"Fri, 01 Sep 2023 18:54:10 GMT"},{"design_id":198,"created_at":"Mon, 04 Sep 2023 12:40:09 GMT","design_name":"Frozen","file_location":"/Users","file_name":"frozen-20220507-s5bg.json","last_updated":"Mon, 04 Sep 2023 12:40:09 GMT"},{"design_id":199,"created_at":"Tue, 05 Sep 2023 09:48:09 GMT","design_name":"Rubber","file_location":"/bin","file_name":"rubber-20220930-btxf.json","last_updated":"Tue, 05 Sep 2023 09:48:09 GMT"},{"design_id":200,"created_at":"Thu, 07 Sep 2023 12:07:09 GMT","design_name":"Granite","file_location":"/lib","file_name":"granite-20220711-4p81.json","last_updated":"Thu, 07 Sep 2023 12:07:09 GMT"},{"design_id":201,"created_at":"Thu, 07 Sep 2023 17:48:09 GMT","design_name":"Steel","file_location":"/private/var","file_name":"steel-20221101-ib3u.json","last_updated":"Thu, 07 Sep 2023 17:48:09 GMT"},{"design_id":202,"created_at":"Mon, 11 Sep 2023 10:43:09 GMT","design_name":"Granite","file_location":"/home/user/dir","file_name":"granite-20220318-aqwx.json","last_updated":"Mon, 11 Sep 2023 10:43:09 GMT"},{"design_id":203,"created_at":"Mon, 11 Sep 2023 10:57:10 GMT","design_name":"Frozen","file_location":"/var/spool","file_name":"frozen-20220623-oh2p.json","last_updated":"Mon, 11 Sep 2023 10:57:10 GMT"},{"design_id":210,"created_at":"Tue, 19 Sep 2023 10:20:09 GMT","design_name":"Cotton","file_location":"/selinux","file_name":"cotton-20211224-2tud.json","last_updated":"Tue, 19 Sep 2023 10:20:09 GMT"},{"design_id":204,"created_at":"Mon, 11 Sep 2023 18:09:09 GMT","design_name":"Wooden","file_location":"/usr/libexec","file_name":"wooden-20210919-wxr7.json","last_updated":"Mon, 11 Sep 2023 18:09:09 GMT"},{"design_id":206,"created_at":"Fri, 15 Sep 2023 16:43:09 GMT","design_name":"Soft","file_location":"/usr/lib","file_name":"soft-20221208-eogu.json","last_updated":"Fri, 15 Sep 2023 16:43:09 GMT"},{"design_id":207,"created_at":"Mon, 18 Sep 2023 14:04:10 GMT","design_name":"Bronze","file_location":"/sys","file_name":"bronze-20221021-31bh.json","last_updated":"Mon, 18 Sep 2023 14:04:10 GMT"},{"design_id":208,"created_at":"Mon, 18 Sep 2023 17:41:09 GMT","design_name":"Plastic","file_location":"/usr/share","file_name":"plastic-20230823-prpf.json","last_updated":"Mon, 18 Sep 2023 17:41:09 GMT"},{"design_id":211,"created_at":"Wed, 20 Sep 2023 11:54:09 GMT","design_name":"Soft","file_location":"/bin","file_name":"soft-20230718-idjt.json","last_updated":"Wed, 20 Sep 2023 11:54:09 GMT"},{"design_id":212,"created_at":"Thu, 21 Sep 2023 09:58:09 GMT","design_name":"Plastic","file_location":"/etc/ppp","file_name":"plastic-20220815-blc6.json","last_updated":"Thu, 21 Sep 2023 09:58:09 GMT"},{"design_id":215,"created_at":"Fri, 22 Sep 2023 12:56:09 GMT","design_name":"Bronze","file_location":"/etc/namedb","file_name":"bronze-20230316-x1sb.json","last_updated":"Fri, 22 Sep 2023 12:56:09 GMT"},{"design_id":216,"created_at":"Mon, 25 Sep 2023 12:25:09 GMT","design_name":"Concrete","file_location":"/usr/share","file_name":"concrete-20220514-yusd.json","last_updated":"Mon, 25 Sep 2023 12:25:09 GMT"},{"design_id":219,"created_at":"Wed, 27 Sep 2023 11:46:09 GMT","design_name":"Bronze","file_location":"/usr/ports","file_name":"bronze-20230317-l7kd.json","last_updated":"Wed, 27 Sep 2023 11:46:09 GMT"},{"design_id":220,"created_at":"Thu, 28 Sep 2023 13:15:10 GMT","design_name":"Concrete","file_location":"/boot","file_name":"concrete-20230517-k8kg.json","last_updated":"Thu, 28 Sep 2023 13:15:10 GMT"},{"design_id":187,"created_at":"Thu, 10 Aug 2023 08:58:09 GMT","design_name":"Bronze","file_location":"/boot","file_name":"bronze-20230625-lojh.json","last_updated":"Thu, 10 Aug 2023 08:58:09 GMT"},{"design_id":221,"created_at":"Fri, 29 Sep 2023 18:09:09 GMT","design_name":"Granite","file_location":"/usr/lib","file_name":"granite-20220107-q0ot.json","last_updated":"Fri, 29 Sep 2023 18:09:09 GMT"},{"design_id":222,"created_at":"Mon, 02 Oct 2023 09:14:09 GMT","design_name":"Plastic","file_location":"/etc/namedb","file_name":"plastic-20220227-59dm.json","last_updated":"Mon, 02 Oct 2023 09:14:09 GMT"},{"design_id":223,"created_at":"Mon, 09 Oct 2023 15:36:09 GMT","design_name":"Plastic","file_location":"/home/user/dir","file_name":"plastic-20220831-7i7d.json","last_updated":"Mon, 09 Oct 2023 15:36:09 GMT"},{"design_id":224,"created_at":"Wed, 11 Oct 2023 09:22:09 GMT","design_name":"Soft","file_location":"/usr/bin","file_name":"soft-20220614-1sgl.json","last_updated":"Wed, 11 Oct 2023 09:22:09 GMT"},{"design_id":225,"created_at":"Wed, 11 Oct 2023 09:28:09 GMT","design_name":"Soft","file_location":"/usr/bin","file_name":"soft-20220929-k18k.json","last_updated":"Wed, 11 Oct 2023 09:28:09 GMT"},{"design_id":226,"created_at":"Wed, 11 Oct 2023 14:51:09 GMT","design_name":"Steel","file_location":"/Library","file_name":"steel-20230311-iys7.json","last_updated":"Wed, 11 Oct 2023 14:51:09 GMT"},{"design_id":227,"created_at":"Fri, 13 Oct 2023 10:39:09 GMT","design_name":"Frozen","file_location":"/etc/mail","file_name":"frozen-20220311-zjib.json","last_updated":"Fri, 13 Oct 2023 10:39:09 GMT"},{"design_id":229,"created_at":"Mon, 16 Oct 2023 17:04:09 GMT","design_name":"Soft","file_location":"/lib","file_name":"soft-20220102-7g8f.json","last_updated":"Mon, 16 Oct 2023 17:04:09 GMT"},{"design_id":230,"created_at":"Tue, 17 Oct 2023 13:11:09 GMT","design_name":"Steel","file_location":"/Library","file_name":"steel-20230526-3oih.json","last_updated":"Tue, 17 Oct 2023 13:11:09 GMT"},{"design_id":231,"created_at":"Wed, 18 Oct 2023 16:57:09 GMT","design_name":"Steel","file_location":"/etc/mail","file_name":"steel-20230221-jyus.json","last_updated":"Wed, 18 Oct 2023 16:57:09 GMT"},{"design_id":217,"created_at":"Mon, 25 Sep 2023 17:05:09 GMT","design_name":"Cotton","file_location":"/private/tmp","file_name":"cotton-20230522-60b7.json","last_updated":"Mon, 25 Sep 2023 17:05:09 GMT"},{"design_id":232,"created_at":"Mon, 23 Oct 2023 14:31:09 GMT","design_name":"Frozen","file_location":"/etc/defaults","file_name":"frozen-20231002-9s98.json","last_updated":"Mon, 23 Oct 2023 14:31:09 GMT"},{"design_id":233,"created_at":"Mon, 23 Oct 2023 14:55:09 GMT","design_name":"Frozen","file_location":"/Users","file_name":"frozen-20221202-dhdd.json","last_updated":"Mon, 23 Oct 2023 14:55:09 GMT"},{"design_id":234,"created_at":"Tue, 24 Oct 2023 08:29:09 GMT","design_name":"Steel","file_location":"/etc/namedb","file_name":"steel-20220313-97g7.json","last_updated":"Tue, 24 Oct 2023 08:29:09 GMT"},{"design_id":235,"created_at":"Wed, 25 Oct 2023 08:03:09 GMT","design_name":"Plastic","file_location":"/usr/local/src","file_name":"plastic-20230930-0p4v.json","last_updated":"Wed, 25 Oct 2023 08:03:09 GMT"},{"design_id":236,"created_at":"Wed, 25 Oct 2023 12:47:09 GMT","design_name":"Cotton","file_location":"/private/tmp","file_name":"cotton-20220916-tuoi.json","last_updated":"Wed, 25 Oct 2023 12:47:09 GMT"},{"design_id":237,"created_at":"Wed, 25 Oct 2023 17:04:09 GMT","design_name":"Concrete","file_location":"/net","file_name":"concrete-20220511-y217.json","last_updated":"Wed, 25 Oct 2023 17:04:09 GMT"},{"design_id":238,"created_at":"Thu, 26 Oct 2023 10:15:09 GMT","design_name":"Soft","file_location":"/srv","file_name":"soft-20230522-jeud.json","last_updated":"Thu, 26 Oct 2023 10:15:09 GMT"},{"design_id":240,"created_at":"Thu, 26 Oct 2023 12:28:09 GMT","design_name":"Fresh","file_location":"/usr/src","file_name":"fresh-20220126-nv96.json","last_updated":"Thu, 26 Oct 2023 12:28:09 GMT"},{"design_id":242,"created_at":"Thu, 26 Oct 2023 14:56:09 GMT","design_name":"Concrete","file_location":"/usr/ports","file_name":"concrete-20230930-rklw.json","last_updated":"Thu, 26 Oct 2023 14:56:09 GMT"},{"design_id":243,"created_at":"Thu, 26 Oct 2023 15:51:09 GMT","design_name":"Concrete","file_location":"/usr","file_name":"concrete-20220827-nfpt.json","last_updated":"Thu, 26 Oct 2023 15:51:09 GMT"},{"design_id":244,"created_at":"Fri, 27 Oct 2023 15:21:09 GMT","design_name":"Steel","file_location":"/boot/defaults","file_name":"steel-20211202-nbf0.json","last_updated":"Fri, 27 Oct 2023 15:21:09 GMT"},{"design_id":241,"created_at":"Thu, 26 Oct 2023 13:49:09 GMT","design_name":"Rubber","file_location":"/usr/obj","file_name":"rubber-20230319-mate.json","last_updated":"Thu, 26 Oct 2023 13:49:09 GMT"},{"design_id":205,"created_at":"Thu, 14 Sep 2023 12:47:09 GMT","design_name":"Frozen","file_location":"/rescue","file_name":"frozen-20230722-ddu4.json","last_updated":"Thu, 14 Sep 2023 12:47:09 GMT"},{"design_id":192,"created_at":"Mon, 21 Aug 2023 15:31:09 GMT","design_name":"Concrete","file_location":"/sys","file_name":"concrete-20210823-c0jp.json","last_updated":"Mon, 21 Aug 2023 15:31:09 GMT"},{"design_id":172,"created_at":"Mon, 10 Jul 2023 13:05:09 GMT","design_name":"Steel","file_location":"/private/tmp","file_name":"steel-20230116-uwp6.json","last_updated":"Mon, 10 Jul 2023 13:05:09 GMT"},{"design_id":176,"created_at":"Thu, 13 Jul 2023 09:54:09 GMT","design_name":"Concrete","file_location":"/var/tmp","file_name":"concrete-20220406-h9s7.json","last_updated":"Thu, 13 Jul 2023 09:54:09 GMT"},{"design_id":188,"created_at":"Thu, 10 Aug 2023 17:40:10 GMT","design_name":"Rubber","file_location":"/Library","file_name":"rubber-20221203-59l5.json","last_updated":"Thu, 10 Aug 2023 17:40:10 GMT"},{"design_id":213,"created_at":"Thu, 21 Sep 2023 10:52:09 GMT","design_name":"Frozen","file_location":"/usr","file_name":"frozen-20220819-8bv5.json","last_updated":"Thu, 21 Sep 2023 10:52:09 GMT"},{"design_id":239,"created_at":"Thu, 26 Oct 2023 12:25:09 GMT","design_name":"Soft","file_location":"/usr/X11R6","file_name":"soft-20231007-xdso.json","last_updated":"Thu, 26 Oct 2023 12:25:09 GMT"},{"design_id":228,"created_at":"Fri, 13 Oct 2023 12:25:09 GMT","design_name":"Bronze","file_location":"/var","file_name":"bronze-20230819-tn98.json","last_updated":"Fri, 13 Oct 2023 12:25:09 GMT"},{"design_id":209,"created_at":"Tue, 19 Sep 2023 10:19:09 GMT","design_name":"Wooden","file_location":"/etc/namedb","file_name":"wooden-20230306-7t9t.json","last_updated":"Tue, 19 Sep 2023 10:19:09 GMT"},{"design_id":191,"created_at":"Fri, 18 Aug 2023 15:27:09 GMT","design_name":"Soft","file_location":"/var/mail","file_name":"soft-20211120-oaid.json","last_updated":"Fri, 18 Aug 2023 15:27:09 GMT"},{"design_id":245,"created_at":"Tue, 31 Oct 2023 11:55:09 GMT","design_name":"Concrete","file_location":"/root","file_name":"concrete-20231009-f727.json","last_updated":"Tue, 31 Oct 2023 11:55:09 GMT"},{"design_id":246,"created_at":"Tue, 31 Oct 2023 15:52:09 GMT","design_name":"Plastic","file_location":"/lost+found","file_name":"plastic-20230608-7h1o.json","last_updated":"Tue, 31 Oct 2023 15:52:09 GMT"},{"design_id":247,"created_at":"Wed, 01 Nov 2023 16:57:09 GMT","design_name":"Soft","file_location":"/etc","file_name":"soft-20221208-pa0r.json","last_updated":"Wed, 01 Nov 2023 16:57:09 GMT"},{"design_id":248,"created_at":"Thu, 02 Nov 2023 18:03:09 GMT","design_name":"Fresh","file_location":"/usr/libdata","file_name":"fresh-20220421-r599.json","last_updated":"Thu, 02 Nov 2023 18:03:09 GMT"},{"design_id":249,"created_at":"Fri, 03 Nov 2023 14:44:09 GMT","design_name":"Soft","file_location":"/usr/ports","file_name":"soft-20220325-kyoj.json","last_updated":"Fri, 03 Nov 2023 14:44:09 GMT"},{"design_id":250,"created_at":"Wed, 08 Nov 2023 11:48:09 GMT","design_name":"Bronze","file_location":"/usr/share","file_name":"bronze-20211202-gc4f.json","last_updated":"Wed, 08 Nov 2023 11:48:09 GMT"},{"design_id":253,"created_at":"Tue, 14 Nov 2023 10:09:09 GMT","design_name":"Metal","file_location":"/net","file_name":"metal-20230629-2un5.json","last_updated":"Tue, 14 Nov 2023 10:09:09 GMT"},{"design_id":186,"created_at":"Wed, 09 Aug 2023 12:31:09 GMT","design_name":"Metal","file_location":"/var/tmp","file_name":"metal-20230530-n86x.json","last_updated":"Wed, 09 Aug 2023 12:31:09 GMT"},{"design_id":254,"created_at":"Tue, 14 Nov 2023 15:04:09 GMT","design_name":"Granite","file_location":"/dev","file_name":"granite-20220708-hnle.json","last_updated":"Tue, 14 Nov 2023 15:04:09 GMT"},{"design_id":255,"created_at":"Tue, 21 Nov 2023 15:36:09 GMT","design_name":"Steel","file_location":"/opt/lib","file_name":"steel-20230429-28vi.json","last_updated":"Tue, 21 Nov 2023 15:36:09 GMT"},{"design_id":257,"created_at":"Mon, 27 Nov 2023 14:08:09 GMT","design_name":"Steel","file_location":"/System","file_name":"steel-20220705-frap.json","last_updated":"Mon, 27 Nov 2023 14:08:09 GMT"},{"design_id":258,"created_at":"Tue, 28 Nov 2023 18:09:09 GMT","design_name":"Frozen","file_location":"/home/user/dir","file_name":"frozen-20220630-vsnx.json","last_updated":"Tue, 28 Nov 2023 18:09:09 GMT"},{"design_id":259,"created_at":"Thu, 30 Nov 2023 15:14:09 GMT","design_name":"Bronze","file_location":"/usr/include","file_name":"bronze-20211219-cxlb.json","last_updated":"Thu, 30 Nov 2023 15:14:09 GMT"},{"design_id":261,"created_at":"Tue, 05 Dec 2023 09:15:09 GMT","design_name":"Granite","file_location":"/opt","file_name":"granite-20220609-92sv.json","last_updated":"Tue, 05 Dec 2023 09:15:09 GMT"},{"design_id":262,"created_at":"Tue, 05 Dec 2023 13:42:09 GMT","design_name":"Fresh","file_location":"/rescue","file_name":"fresh-20220809-zhoc.json","last_updated":"Tue, 05 Dec 2023 13:42:09 GMT"},{"design_id":264,"created_at":"Tue, 05 Dec 2023 15:06:09 GMT","design_name":"Wooden","file_location":"/opt/bin","file_name":"wooden-20230615-s2u0.json","last_updated":"Tue, 05 Dec 2023 15:06:09 GMT"},{"design_id":265,"created_at":"Thu, 07 Dec 2023 10:41:10 GMT","design_name":"Metal","file_location":"/root","file_name":"metal-20230204-yxyp.json","last_updated":"Thu, 07 Dec 2023 10:41:10 GMT"},{"design_id":266,"created_at":"Fri, 08 Dec 2023 09:08:10 GMT","design_name":"Steel","file_location":"/usr/sbin","file_name":"steel-20220603-3zkh.json","last_updated":"Fri, 08 Dec 2023 09:08:10 GMT"},{"design_id":268,"created_at":"Fri, 15 Dec 2023 09:25:09 GMT","design_name":"Cotton","file_location":"/usr/libexec","file_name":"cotton-20220504-wk9z.json","last_updated":"Fri, 15 Dec 2023 09:25:09 GMT"},{"design_id":270,"created_at":"Mon, 18 Dec 2023 18:45:09 GMT","design_name":"Steel","file_location":"/sbin","file_name":"steel-20220218-0qvw.json","last_updated":"Mon, 18 Dec 2023 18:45:09 GMT"},{"design_id":271,"created_at":"Tue, 19 Dec 2023 14:41:09 GMT","design_name":"Cotton","file_location":"/opt/sbin","file_name":"cotton-20231216-hudw.json","last_updated":"Tue, 19 Dec 2023 14:41:09 GMT"},{"design_id":125,"created_at":"Fri, 21 Apr 2023 08:00:12 GMT","design_name":"Bronze","file_location":"/usr/sbin","file_name":"bronze-20221021-ogju.json","last_updated":"Fri, 21 Apr 2023 08:00:12 GMT"},{"design_id":272,"created_at":"Thu, 21 Dec 2023 15:26:10 GMT","design_name":"Bronze","file_location":"/usr/bin","file_name":"bronze-20220612-rl71.json","last_updated":"Thu, 21 Dec 2023 15:26:10 GMT"},{"design_id":273,"created_at":"Fri, 22 Dec 2023 08:28:09 GMT","design_name":"Soft","file_location":"/usr/libdata","file_name":"soft-20221205-a6p6.json","last_updated":"Fri, 22 Dec 2023 08:28:09 GMT"},{"design_id":274,"created_at":"Fri, 22 Dec 2023 15:57:09 GMT","design_name":"Concrete","file_location":"/usr/share","file_name":"concrete-20230830-8tuw.json","last_updated":"Fri, 22 Dec 2023 15:57:09 GMT"},{"design_id":275,"created_at":"Tue, 26 Dec 2023 14:51:09 GMT","design_name":"Metal","file_location":"/etc","file_name":"metal-20231005-9zhu.json","last_updated":"Tue, 26 Dec 2023 14:51:09 GMT"},{"design_id":276,"created_at":"Wed, 27 Dec 2023 09:05:09 GMT","design_name":"Frozen","file_location":"/usr/libexec","file_name":"frozen-20230922-e3mz.json","last_updated":"Wed, 27 Dec 2023 09:05:09 GMT"},{"design_id":277,"created_at":"Wed, 27 Dec 2023 09:35:09 GMT","design_name":"Metal","file_location":"/etc/periodic","file_name":"metal-20220408-5pcq.json","last_updated":"Wed, 27 Dec 2023 09:35:09 GMT"},{"design_id":267,"created_at":"Thu, 14 Dec 2023 18:10:09 GMT","design_name":"Steel","file_location":"/home/user/dir","file_name":"steel-20220615-cjs8.json","last_updated":"Thu, 14 Dec 2023 18:10:09 GMT"},{"design_id":278,"created_at":"Thu, 28 Dec 2023 17:30:09 GMT","design_name":"Bronze","file_location":"/usr/sbin","file_name":"bronze-20230707-kqlf.json","last_updated":"Thu, 28 Dec 2023 17:30:09 GMT"},{"design_id":279,"created_at":"Fri, 29 Dec 2023 09:31:09 GMT","design_name":"Wooden","file_location":"/usr/libexec","file_name":"wooden-20220317-54qi.json","last_updated":"Fri, 29 Dec 2023 09:31:09 GMT"},{"design_id":281,"created_at":"Wed, 03 Jan 2024 08:10:09 GMT","design_name":"Frozen","file_location":"/opt/lib","file_name":"frozen-20221115-scdl.json","last_updated":"Wed, 03 Jan 2024 08:10:09 GMT"},{"design_id":282,"created_at":"Wed, 03 Jan 2024 09:54:09 GMT","design_name":"Concrete","file_location":"/var","file_name":"concrete-20230604-gg3c.json","last_updated":"Wed, 03 Jan 2024 09:54:09 GMT"},{"design_id":283,"created_at":"Thu, 04 Jan 2024 10:06:10 GMT","design_name":"Steel","file_location":"/usr/X11R6","file_name":"steel-20230724-pj7l.json","last_updated":"Thu, 04 Jan 2024 10:06:10 GMT"},{"design_id":284,"created_at":"Thu, 04 Jan 2024 11:11:09 GMT","design_name":"Fresh","file_location":"/lost+found","file_name":"fresh-20231024-g1ig.json","last_updated":"Thu, 04 Jan 2024 11:11:09 GMT"},{"design_id":285,"created_at":"Fri, 05 Jan 2024 16:30:10 GMT","design_name":"Frozen","file_location":"/etc/defaults","file_name":"frozen-20230815-zije.json","last_updated":"Fri, 05 Jan 2024 16:30:10 GMT"},{"design_id":252,"created_at":"Mon, 13 Nov 2023 08:49:09 GMT","design_name":"Bronze","file_location":"/proc","file_name":"bronze-20220717-lauo.json","last_updated":"Mon, 13 Nov 2023 08:49:09 GMT"},{"design_id":287,"created_at":"Mon, 08 Jan 2024 12:05:09 GMT","design_name":"Granite","file_location":"/sys","file_name":"granite-20231221-9ds9.json","last_updated":"Mon, 08 Jan 2024 12:05:09 GMT"},{"design_id":288,"created_at":"Mon, 08 Jan 2024 17:07:09 GMT","design_name":"Plastic","file_location":"/selinux","file_name":"plastic-20230415-fcnk.json","last_updated":"Mon, 08 Jan 2024 17:07:09 GMT"},{"design_id":289,"created_at":"Tue, 09 Jan 2024 15:17:09 GMT","design_name":"Fresh","file_location":"/etc/mail","file_name":"fresh-20220522-llpr.json","last_updated":"Tue, 09 Jan 2024 15:17:09 GMT"},{"design_id":290,"created_at":"Tue, 09 Jan 2024 16:33:10 GMT","design_name":"Bronze","file_location":"/etc/defaults","file_name":"bronze-20220906-5ud8.json","last_updated":"Tue, 09 Jan 2024 16:33:10 GMT"},{"design_id":291,"created_at":"Wed, 10 Jan 2024 16:05:09 GMT","design_name":"Plastic","file_location":"/opt/include","file_name":"plastic-20221005-a2tj.json","last_updated":"Wed, 10 Jan 2024 16:05:09 GMT"},{"design_id":256,"created_at":"Thu, 23 Nov 2023 13:51:09 GMT","design_name":"Rubber","file_location":"/usr/obj","file_name":"rubber-20221210-zgjo.json","last_updated":"Thu, 23 Nov 2023 13:51:09 GMT"},{"design_id":292,"created_at":"Fri, 12 Jan 2024 17:34:09 GMT","design_name":"Fresh","file_location":"/tmp","file_name":"fresh-20221004-wp56.json","last_updated":"Fri, 12 Jan 2024 17:34:09 GMT"},{"design_id":293,"created_at":"Fri, 12 Jan 2024 17:44:09 GMT","design_name":"Concrete","file_location":"/opt/lib","file_name":"concrete-20230525-vjxp.json","last_updated":"Fri, 12 Jan 2024 17:44:09 GMT"},{"design_id":294,"created_at":"Mon, 15 Jan 2024 10:00:09 GMT","design_name":"Steel","file_location":"/usr/libdata","file_name":"steel-20231215-tsg6.json","last_updated":"Mon, 15 Jan 2024 10:00:09 GMT"},{"design_id":295,"created_at":"Tue, 16 Jan 2024 11:02:09 GMT","design_name":"Granite","file_location":"/opt/bin","file_name":"granite-20231104-zwfn.json","last_updated":"Tue, 16 Jan 2024 11:02:09 GMT"},{"design_id":296,"created_at":"Wed, 17 Jan 2024 16:02:09 GMT","design_name":"Cotton","file_location":"/var/tmp","file_name":"cotton-20231027-wsml.json","last_updated":"Wed, 17 Jan 2024 16:02:09 GMT"},{"design_id":297,"created_at":"Wed, 17 Jan 2024 18:54:09 GMT","design_name":"Granite","file_location":"/var/yp","file_name":"granite-20220702-2ql0.json","last_updated":"Wed, 17 Jan 2024 18:54:09 GMT"},{"design_id":298,"created_at":"Thu, 18 Jan 2024 14:09:10 GMT","design_name":"Rubber","file_location":"/etc/periodic","file_name":"rubber-20230713-0nw3.json","last_updated":"Thu, 18 Jan 2024 14:09:10 GMT"},{"design_id":299,"created_at":"Fri, 19 Jan 2024 17:18:09 GMT","design_name":"Wooden","file_location":"/root","file_name":"wooden-20220321-6rsd.json","last_updated":"Fri, 19 Jan 2024 17:18:09 GMT"},{"design_id":300,"created_at":"Tue, 23 Jan 2024 16:07:09 GMT","design_name":"Soft","file_location":"/sbin","file_name":"soft-20220715-syjh.json","last_updated":"Tue, 23 Jan 2024 16:07:09 GMT"},{"design_id":301,"created_at":"Tue, 23 Jan 2024 16:45:09 GMT","design_name":"Frozen","file_location":"/etc/mail","file_name":"frozen-20230614-n2b7.json","last_updated":"Tue, 23 Jan 2024 16:45:09 GMT"},{"design_id":302,"created_at":"Wed, 24 Jan 2024 14:24:10 GMT","design_name":"Bronze","file_location":"/private","file_name":"bronze-20230409-5hxv.json","last_updated":"Wed, 24 Jan 2024 14:24:10 GMT"},{"design_id":303,"created_at":"Thu, 25 Jan 2024 14:49:09 GMT","design_name":"Rubber","file_location":"/usr","file_name":"rubber-20230910-9pd4.json","last_updated":"Thu, 25 Jan 2024 14:49:09 GMT"},{"design_id":304,"created_at":"Mon, 29 Jan 2024 09:45:09 GMT","design_name":"Steel","file_location":"/Library","file_name":"steel-20220619-ec5y.json","last_updated":"Mon, 29 Jan 2024 09:45:09 GMT"},{"design_id":305,"created_at":"Mon, 29 Jan 2024 12:39:09 GMT","design_name":"Plastic","file_location":"/Applications","file_name":"plastic-20230331-y8yc.json","last_updated":"Mon, 29 Jan 2024 12:39:09 GMT"},{"design_id":306,"created_at":"Tue, 30 Jan 2024 08:35:10 GMT","design_name":"Bronze","file_location":"/Library","file_name":"bronze-20220516-wtp0.json","last_updated":"Tue, 30 Jan 2024 08:35:10 GMT"},{"design_id":307,"created_at":"Wed, 31 Jan 2024 11:59:09 GMT","design_name":"Soft","file_location":"/opt","file_name":"soft-20230511-iz8m.json","last_updated":"Wed, 31 Jan 2024 11:59:09 GMT"},{"design_id":309,"created_at":"Wed, 31 Jan 2024 16:06:09 GMT","design_name":"Metal","file_location":"/usr/libdata","file_name":"metal-20230313-dkd3.json","last_updated":"Wed, 31 Jan 2024 16:06:09 GMT"},{"design_id":286,"created_at":"Fri, 05 Jan 2024 18:30:09 GMT","design_name":"Steel","file_location":"/lib","file_name":"steel-20230607-smh9.json","last_updated":"Fri, 05 Jan 2024 18:30:09 GMT"},{"design_id":310,"created_at":"Fri, 02 Feb 2024 15:26:09 GMT","design_name":"Wooden","file_location":"/System","file_name":"wooden-20220626-xhic.json","last_updated":"Fri, 02 Feb 2024 15:26:09 GMT"},{"design_id":311,"created_at":"Mon, 05 Feb 2024 08:42:10 GMT","design_name":"Steel","file_location":"/lost+found","file_name":"steel-20220407-1se7.json","last_updated":"Mon, 05 Feb 2024 08:42:10 GMT"},{"design_id":312,"created_at":"Mon, 05 Feb 2024 12:22:09 GMT","design_name":"Concrete","file_location":"/lib","file_name":"concrete-20220529-7tii.json","last_updated":"Mon, 05 Feb 2024 12:22:09 GMT"},{"design_id":313,"created_at":"Wed, 07 Feb 2024 13:05:09 GMT","design_name":"Plastic","file_location":"/Users","file_name":"plastic-20231231-fsdr.json","last_updated":"Wed, 07 Feb 2024 13:05:09 GMT"},{"design_id":314,"created_at":"Thu, 08 Feb 2024 08:10:10 GMT","design_name":"Cotton","file_location":"/usr/src","file_name":"cotton-20220926-rgqy.json","last_updated":"Thu, 08 Feb 2024 08:10:10 GMT"},{"design_id":315,"created_at":"Fri, 09 Feb 2024 10:57:09 GMT","design_name":"Concrete","file_location":"/System","file_name":"concrete-20230717-u6p2.json","last_updated":"Fri, 09 Feb 2024 10:57:09 GMT"},{"design_id":317,"created_at":"Mon, 12 Feb 2024 13:04:09 GMT","design_name":"Wooden","file_location":"/private/var","file_name":"wooden-20230710-hxsv.json","last_updated":"Mon, 12 Feb 2024 13:04:09 GMT"},{"design_id":318,"created_at":"Mon, 12 Feb 2024 15:34:09 GMT","design_name":"Cotton","file_location":"/boot/defaults","file_name":"cotton-20230518-lql8.json","last_updated":"Mon, 12 Feb 2024 15:34:09 GMT"},{"design_id":319,"created_at":"Wed, 14 Feb 2024 10:48:09 GMT","design_name":"Concrete","file_location":"/etc","file_name":"concrete-20220904-tsq7.json","last_updated":"Wed, 14 Feb 2024 10:48:09 GMT"},{"design_id":320,"created_at":"Tue, 20 Feb 2024 13:15:10 GMT","design_name":"Granite","file_location":"/usr/local/src","file_name":"granite-20230421-evia.json","last_updated":"Tue, 20 Feb 2024 13:15:10 GMT"},{"design_id":321,"created_at":"Tue, 20 Feb 2024 15:55:10 GMT","design_name":"Plastic","file_location":"/net","file_name":"plastic-20230801-8l45.json","last_updated":"Tue, 20 Feb 2024 15:55:10 GMT"},{"design_id":322,"created_at":"Tue, 20 Feb 2024 16:02:09 GMT","design_name":"Soft","file_location":"/Network","file_name":"soft-20220610-w39k.json","last_updated":"Tue, 20 Feb 2024 16:02:09 GMT"},{"design_id":323,"created_at":"Thu, 22 Feb 2024 14:15:09 GMT","design_name":"Plastic","file_location":"/net","file_name":"plastic-20230613-0smf.json","last_updated":"Thu, 22 Feb 2024 14:15:09 GMT"},{"design_id":324,"created_at":"Thu, 22 Feb 2024 17:29:09 GMT","design_name":"Wooden","file_location":"/private","file_name":"wooden-20230507-4qfk.json","last_updated":"Thu, 22 Feb 2024 17:29:09 GMT"},{"design_id":325,"created_at":"Fri, 23 Feb 2024 16:33:09 GMT","design_name":"Rubber","file_location":"/mnt","file_name":"rubber-20230331-e38p.json","last_updated":"Fri, 23 Feb 2024 16:33:09 GMT"},{"design_id":326,"created_at":"Mon, 26 Feb 2024 16:53:09 GMT","design_name":"Wooden","file_location":"/etc","file_name":"wooden-20220904-5xaa.json","last_updated":"Mon, 26 Feb 2024 16:53:09 GMT"},{"design_id":308,"created_at":"Wed, 31 Jan 2024 12:08:10 GMT","design_name":"Concrete","file_location":"/usr/src","file_name":"concrete-20220913-ipsg.json","last_updated":"Wed, 31 Jan 2024 12:08:10 GMT"},{"design_id":260,"created_at":"Mon, 04 Dec 2023 18:31:09 GMT","design_name":"Cotton","file_location":"/usr/libexec","file_name":"cotton-20231002-xhpz.json","last_updated":"Mon, 04 Dec 2023 18:31:09 GMT"},{"design_id":280,"created_at":"Mon, 01 Jan 2024 09:41:09 GMT","design_name":"Rubber","file_location":"/lost+found","file_name":"rubber-20231020-ol28.json","last_updated":"Mon, 01 Jan 2024 09:41:09 GMT"},{"design_id":269,"created_at":"Mon, 18 Dec 2023 11:22:10 GMT","design_name":"Plastic","file_location":"/root","file_name":"plastic-20221024-ss3c.json","last_updated":"Mon, 18 Dec 2023 11:22:10 GMT"},{"design_id":316,"created_at":"Fri, 09 Feb 2024 17:45:09 GMT","design_name":"Fresh","file_location":"/net","file_name":"fresh-20230213-1kvk.json","last_updated":"Fri, 09 Feb 2024 17:45:09 GMT"},{"design_id":251,"created_at":"Wed, 08 Nov 2023 17:47:09 GMT","design_name":"Wooden","file_location":"/home/user/dir","file_name":"wooden-20230413-ofsb.json","last_updated":"Wed, 08 Nov 2023 17:47:09 GMT"},{"design_id":327,"created_at":"Mon, 26 Feb 2024 18:34:09 GMT","design_name":"Steel","file_location":"/selinux","file_name":"steel-20230427-9vsa.json","last_updated":"Mon, 26 Feb 2024 18:34:09 GMT"},{"design_id":263,"created_at":"Tue, 05 Dec 2023 13:56:09 GMT","design_name":"Wooden","file_location":"/Network","file_name":"wooden-20220317-9viu.json","last_updated":"Tue, 05 Dec 2023 13:56:09 GMT"},{"design_id":328,"created_at":"Wed, 28 Feb 2024 11:36:09 GMT","design_name":"Wooden","file_location":"/opt","file_name":"wooden-20221021-zwq8.json","last_updated":"Wed, 28 Feb 2024 11:36:09 GMT"},{"design_id":329,"created_at":"Fri, 08 Mar 2024 11:45:09 GMT","design_name":"Soft","file_location":"/usr/lib","file_name":"soft-20220629-yv4w.json","last_updated":"Fri, 08 Mar 2024 11:45:09 GMT"},{"design_id":330,"created_at":"Fri, 08 Mar 2024 13:44:09 GMT","design_name":"Concrete","file_location":"/etc/periodic","file_name":"concrete-20230608-0j9i.json","last_updated":"Fri, 08 Mar 2024 13:44:09 GMT"},{"design_id":331,"created_at":"Tue, 12 Mar 2024 11:18:10 GMT","design_name":"Frozen","file_location":"/usr/obj","file_name":"frozen-20230329-5fut.json","last_updated":"Tue, 12 Mar 2024 11:18:10 GMT"},{"design_id":332,"created_at":"Wed, 13 Mar 2024 13:49:09 GMT","design_name":"Cotton","file_location":"/etc/periodic","file_name":"cotton-20230412-tf84.json","last_updated":"Wed, 13 Mar 2024 13:49:09 GMT"},{"design_id":333,"created_at":"Thu, 14 Mar 2024 11:08:10 GMT","design_name":"Fresh","file_location":"/net","file_name":"fresh-20230127-9h9f.json","last_updated":"Thu, 14 Mar 2024 11:08:10 GMT"},{"design_id":334,"created_at":"Fri, 15 Mar 2024 18:47:09 GMT","design_name":"Concrete","file_location":"/var/tmp","file_name":"concrete-20240217-2zxa.json","last_updated":"Fri, 15 Mar 2024 18:47:09 GMT"},{"design_id":335,"created_at":"Tue, 19 Mar 2024 08:44:10 GMT","design_name":"Frozen","file_location":"/usr/libexec","file_name":"frozen-20230118-qls7.json","last_updated":"Tue, 19 Mar 2024 08:44:10 GMT"},{"design_id":336,"created_at":"Tue, 19 Mar 2024 09:40:09 GMT","design_name":"Soft","file_location":"/var/tmp","file_name":"soft-20221207-wley.json","last_updated":"Tue, 19 Mar 2024 09:40:09 GMT"},{"design_id":337,"created_at":"Tue, 19 Mar 2024 18:15:10 GMT","design_name":"Concrete","file_location":"/usr/local/bin","file_name":"concrete-20240227-i0cs.json","last_updated":"Tue, 19 Mar 2024 18:15:10 GMT"},{"design_id":338,"created_at":"Wed, 20 Mar 2024 14:54:10 GMT","design_name":"Rubber","file_location":"/etc/periodic","file_name":"rubber-20240127-poeh.json","last_updated":"Wed, 20 Mar 2024 14:54:10 GMT"},{"design_id":340,"created_at":"Tue, 26 Mar 2024 09:01:09 GMT","design_name":"Concrete","file_location":"/boot/defaults","file_name":"concrete-20230604-zuyt.json","last_updated":"Tue, 26 Mar 2024 09:01:09 GMT"},{"design_id":341,"created_at":"Tue, 26 Mar 2024 15:08:09 GMT","design_name":"Granite","file_location":"/selinux","file_name":"granite-20221030-p1fg.json","last_updated":"Tue, 26 Mar 2024 15:08:09 GMT"},{"design_id":342,"created_at":"Mon, 01 Apr 2024 13:43:10 GMT","design_name":"Cotton","file_location":"/lib","file_name":"cotton-20220418-m6hn.json","last_updated":"Mon, 01 Apr 2024 13:43:10 GMT"},{"design_id":343,"created_at":"Tue, 02 Apr 2024 11:37:09 GMT","design_name":"Frozen","file_location":"/var/log","file_name":"frozen-20221031-6jq5.json","last_updated":"Tue, 02 Apr 2024 11:37:09 GMT"},{"design_id":344,"created_at":"Wed, 03 Apr 2024 18:24:09 GMT","design_name":"Cotton","file_location":"/net","file_name":"cotton-20230725-dux8.json","last_updated":"Wed, 03 Apr 2024 18:24:09 GMT"},{"design_id":345,"created_at":"Thu, 04 Apr 2024 15:01:10 GMT","design_name":"Soft","file_location":"/etc/periodic","file_name":"soft-20220918-5fvo.json","last_updated":"Thu, 04 Apr 2024 15:01:10 GMT"},{"design_id":346,"created_at":"Fri, 05 Apr 2024 16:23:09 GMT","design_name":"Granite","file_location":"/usr/include","file_name":"granite-20230227-wzwi.json","last_updated":"Fri, 05 Apr 2024 16:23:09 GMT"},{"design_id":347,"created_at":"Tue, 09 Apr 2024 14:25:09 GMT","design_name":"Bronze","file_location":"/boot","file_name":"bronze-20230625-3agx.json","last_updated":"Tue, 09 Apr 2024 14:25:09 GMT"},{"design_id":348,"created_at":"Thu, 11 Apr 2024 17:00:09 GMT","design_name":"Concrete","file_location":"/usr/ports","file_name":"concrete-20220729-9bx3.json","last_updated":"Thu, 11 Apr 2024 17:00:09 GMT"},{"design_id":349,"created_at":"Fri, 12 Apr 2024 13:19:09 GMT","design_name":"Granite","file_location":"/usr","file_name":"granite-20230215-cpyi.json","last_updated":"Fri, 12 Apr 2024 13:19:09 GMT"},{"design_id":350,"created_at":"Fri, 12 Apr 2024 16:14:09 GMT","design_name":"Concrete","file_location":"/usr/local/src","file_name":"concrete-20230108-8th1.json","last_updated":"Fri, 12 Apr 2024 16:14:09 GMT"},{"design_id":339,"created_at":"Thu, 21 Mar 2024 13:08:09 GMT","design_name":"Metal","file_location":"/usr","file_name":"metal-20220426-6eg5.json","last_updated":"Thu, 21 Mar 2024 13:08:09 GMT"},{"design_id":351,"created_at":"Mon, 15 Apr 2024 09:31:09 GMT","design_name":"Granite","file_location":"/var/tmp","file_name":"granite-20220622-mv79.json","last_updated":"Mon, 15 Apr 2024 09:31:09 GMT"},{"design_id":352,"created_at":"Tue, 16 Apr 2024 16:59:09 GMT","design_name":"Cotton","file_location":"/net","file_name":"cotton-20220913-glod.json","last_updated":"Tue, 16 Apr 2024 16:59:09 GMT"},{"design_id":353,"created_at":"Thu, 18 Apr 2024 13:13:09 GMT","design_name":"Metal","file_location":"/private/tmp","file_name":"metal-20230622-ggr1.json","last_updated":"Thu, 18 Apr 2024 13:13:09 GMT"},{"design_id":354,"created_at":"Thu, 18 Apr 2024 14:36:09 GMT","design_name":"Steel","file_location":"/usr/obj","file_name":"steel-20230624-nil0.json","last_updated":"Thu, 18 Apr 2024 14:36:09 GMT"},{"design_id":355,"created_at":"Fri, 19 Apr 2024 11:13:09 GMT","design_name":"Frozen","file_location":"/home/user","file_name":"frozen-20221101-p7d7.json","last_updated":"Fri, 19 Apr 2024 11:13:09 GMT"},{"design_id":356,"created_at":"Fri, 19 Apr 2024 12:41:09 GMT","design_name":"Plastic","file_location":"/lib","file_name":"plastic-20231126-npry.json","last_updated":"Fri, 19 Apr 2024 12:41:09 GMT"},{"design_id":357,"created_at":"Fri, 19 Apr 2024 13:59:09 GMT","design_name":"Metal","file_location":"/dev","file_name":"metal-20240415-ren8.json","last_updated":"Fri, 19 Apr 2024 13:59:09 GMT"},{"design_id":358,"created_at":"Fri, 19 Apr 2024 14:20:09 GMT","design_name":"Plastic","file_location":"/Applications","file_name":"plastic-20221221-c3d8.json","last_updated":"Fri, 19 Apr 2024 14:20:09 GMT"},{"design_id":359,"created_at":"Fri, 19 Apr 2024 15:55:09 GMT","design_name":"Metal","file_location":"/usr/local/bin","file_name":"metal-20231212-ersj.json","last_updated":"Fri, 19 Apr 2024 15:55:09 GMT"},{"design_id":360,"created_at":"Mon, 22 Apr 2024 16:41:09 GMT","design_name":"Steel","file_location":"/home","file_name":"steel-20230111-mwuw.json","last_updated":"Mon, 22 Apr 2024 16:41:09 GMT"},{"design_id":362,"created_at":"Fri, 26 Apr 2024 11:06:09 GMT","design_name":"Rubber","file_location":"/srv","file_name":"rubber-20230323-ez7e.json","last_updated":"Fri, 26 Apr 2024 11:06:09 GMT"},{"design_id":361,"created_at":"Wed, 24 Apr 2024 17:03:10 GMT","design_name":"Metal","file_location":"/private","file_name":"metal-20230913-np2p.json","last_updated":"Wed, 24 Apr 2024 17:03:10 GMT"},{"design_id":363,"created_at":"Tue, 30 Apr 2024 08:52:09 GMT","design_name":"Frozen","file_location":"/mnt","file_name":"frozen-20231220-scc9.json","last_updated":"Tue, 30 Apr 2024 08:52:09 GMT"},{"design_id":364,"created_at":"Tue, 30 Apr 2024 10:06:09 GMT","design_name":"Soft","file_location":"/usr/sbin","file_name":"soft-20230604-gszc.json","last_updated":"Tue, 30 Apr 2024 10:06:09 GMT"},{"design_id":365,"created_at":"Wed, 01 May 2024 10:29:09 GMT","design_name":"Metal","file_location":"/srv","file_name":"metal-20230502-v9gc.json","last_updated":"Wed, 01 May 2024 10:29:09 GMT"},{"design_id":366,"created_at":"Thu, 02 May 2024 13:22:09 GMT","design_name":"Bronze","file_location":"/opt/include","file_name":"bronze-20220512-u9v0.json","last_updated":"Thu, 02 May 2024 13:22:09 GMT"},{"design_id":367,"created_at":"Thu, 02 May 2024 13:39:09 GMT","design_name":"Granite","file_location":"/opt","file_name":"granite-20230416-kg1t.json","last_updated":"Thu, 02 May 2024 13:39:09 GMT"},{"design_id":368,"created_at":"Mon, 06 May 2024 10:45:10 GMT","design_name":"Rubber","file_location":"/dev","file_name":"rubber-20220729-f8kx.json","last_updated":"Mon, 06 May 2024 10:45:10 GMT"},{"design_id":369,"created_at":"Mon, 06 May 2024 16:19:09 GMT","design_name":"Concrete","file_location":"/etc/namedb","file_name":"concrete-20220717-fxwc.json","last_updated":"Mon, 06 May 2024 16:19:09 GMT"},{"design_id":371,"created_at":"Thu, 09 May 2024 18:02:09 GMT","design_name":"Frozen","file_location":"/etc/namedb","file_name":"frozen-20230907-4z1n.json","last_updated":"Thu, 09 May 2024 18:02:09 GMT"},{"design_id":372,"created_at":"Fri, 10 May 2024 15:33:09 GMT","design_name":"Plastic","file_location":"/usr/local/src","file_name":"plastic-20230623-8inm.json","last_updated":"Fri, 10 May 2024 15:33:09 GMT"},{"design_id":373,"created_at":"Wed, 15 May 2024 13:15:09 GMT","design_name":"Fresh","file_location":"/var/log","file_name":"fresh-20231016-4k7b.json","last_updated":"Wed, 15 May 2024 13:15:09 GMT"},{"design_id":374,"created_at":"Thu, 16 May 2024 15:22:10 GMT","design_name":"Bronze","file_location":"/var/yp","file_name":"bronze-20221206-wm5q.json","last_updated":"Thu, 16 May 2024 15:22:10 GMT"},{"design_id":375,"created_at":"Fri, 17 May 2024 10:01:09 GMT","design_name":"Soft","file_location":"/usr/X11R6","file_name":"soft-20230424-ll2o.json","last_updated":"Fri, 17 May 2024 10:01:09 GMT"},{"design_id":376,"created_at":"Tue, 21 May 2024 14:02:09 GMT","design_name":"Concrete","file_location":"/usr/share","file_name":"concrete-20240508-p1ln.json","last_updated":"Tue, 21 May 2024 14:02:09 GMT"},{"design_id":377,"created_at":"Tue, 21 May 2024 14:42:09 GMT","design_name":"Cotton","file_location":"/lib","file_name":"cotton-20230829-i2w7.json","last_updated":"Tue, 21 May 2024 14:42:09 GMT"},{"design_id":378,"created_at":"Wed, 22 May 2024 10:06:10 GMT","design_name":"Granite","file_location":"/opt","file_name":"granite-20240512-6307.json","last_updated":"Wed, 22 May 2024 10:06:10 GMT"},{"design_id":379,"created_at":"Wed, 22 May 2024 11:54:09 GMT","design_name":"Frozen","file_location":"/usr/lib","file_name":"frozen-20220814-mktj.json","last_updated":"Wed, 22 May 2024 11:54:09 GMT"},{"design_id":380,"created_at":"Thu, 23 May 2024 08:29:09 GMT","design_name":"Fresh","file_location":"/var/spool","file_name":"fresh-20240519-x7w4.json","last_updated":"Thu, 23 May 2024 08:29:09 GMT"},{"design_id":381,"created_at":"Thu, 30 May 2024 14:33:09 GMT","design_name":"Plastic","file_location":"/usr/bin","file_name":"plastic-20221124-3wio.json","last_updated":"Thu, 30 May 2024 14:33:09 GMT"},{"design_id":382,"created_at":"Tue, 04 Jun 2024 10:27:09 GMT","design_name":"Wooden","file_location":"/usr/libdata","file_name":"wooden-20230901-nvne.json","last_updated":"Tue, 04 Jun 2024 10:27:09 GMT"},{"design_id":383,"created_at":"Tue, 11 Jun 2024 11:17:09 GMT","design_name":"Steel","file_location":"/etc","file_name":"steel-20230706-12h2.json","last_updated":"Tue, 11 Jun 2024 11:17:09 GMT"},{"design_id":384,"created_at":"Tue, 11 Jun 2024 18:24:09 GMT","design_name":"Concrete","file_location":"/boot/defaults","file_name":"concrete-20230114-r08d.json","last_updated":"Tue, 11 Jun 2024 18:24:09 GMT"},{"design_id":385,"created_at":"Wed, 12 Jun 2024 09:06:09 GMT","design_name":"Frozen","file_location":"/sbin","file_name":"frozen-20230325-vccz.json","last_updated":"Wed, 12 Jun 2024 09:06:09 GMT"},{"design_id":386,"created_at":"Wed, 12 Jun 2024 16:53:09 GMT","design_name":"Cotton","file_location":"/etc","file_name":"cotton-20230317-fuuu.json","last_updated":"Wed, 12 Jun 2024 16:53:09 GMT"},{"design_id":387,"created_at":"Wed, 12 Jun 2024 18:59:09 GMT","design_name":"Plastic","file_location":"/etc/periodic","file_name":"plastic-20230412-h2qp.json","last_updated":"Wed, 12 Jun 2024 18:59:09 GMT"},{"design_id":388,"created_at":"Thu, 13 Jun 2024 11:22:09 GMT","design_name":"Concrete","file_location":"/lost+found","file_name":"concrete-20230319-5ruz.json","last_updated":"Thu, 13 Jun 2024 11:22:09 GMT"},{"design_id":389,"created_at":"Fri, 14 Jun 2024 10:16:09 GMT","design_name":"Concrete","file_location":"/etc/mail","file_name":"concrete-20230415-8dly.json","last_updated":"Fri, 14 Jun 2024 10:16:09 GMT"},{"design_id":390,"created_at":"Wed, 19 Jun 2024 16:06:10 GMT","design_name":"Cotton","file_location":"/etc/mail","file_name":"cotton-20230827-fppd.json","last_updated":"Wed, 19 Jun 2024 16:06:10 GMT"},{"design_id":391,"created_at":"Thu, 20 Jun 2024 08:31:09 GMT","design_name":"Cotton","file_location":"/proc","file_name":"cotton-20220807-j1nu.json","last_updated":"Thu, 20 Jun 2024 08:31:09 GMT"},{"design_id":392,"created_at":"Thu, 20 Jun 2024 16:00:09 GMT","design_name":"Plastic","file_location":"/home","file_name":"plastic-20221210-0kkl.json","last_updated":"Thu, 20 Jun 2024 16:00:09 GMT"},{"design_id":393,"created_at":"Tue, 25 Jun 2024 13:57:09 GMT","design_name":"Metal","file_location":"/usr/share","file_name":"metal-20220920-hmzb.json","last_updated":"Tue, 25 Jun 2024 13:57:09 GMT"},{"design_id":394,"created_at":"Fri, 28 Jun 2024 09:37:09 GMT","design_name":"Bronze","file_location":"/home/user/dir","file_name":"bronze-20240416-s7jf.json","last_updated":"Fri, 28 Jun 2024 09:37:09 GMT"},{"design_id":395,"created_at":"Mon, 01 Jul 2024 17:37:09 GMT","design_name":"Soft","file_location":"/etc/ppp","file_name":"soft-20230202-vkix.json","last_updated":"Mon, 01 Jul 2024 17:37:09 GMT"},{"design_id":396,"created_at":"Tue, 02 Jul 2024 17:05:10 GMT","design_name":"Steel","file_location":"/etc/ppp","file_name":"steel-20221012-8b7b.json","last_updated":"Tue, 02 Jul 2024 17:05:10 GMT"},{"design_id":397,"created_at":"Fri, 05 Jul 2024 12:54:09 GMT","design_name":"Steel","file_location":"/boot/defaults","file_name":"steel-20230801-oexh.json","last_updated":"Fri, 05 Jul 2024 12:54:09 GMT"},{"design_id":398,"created_at":"Tue, 09 Jul 2024 18:12:09 GMT","design_name":"Steel","file_location":"/etc/ppp","file_name":"steel-20231002-54hz.json","last_updated":"Tue, 09 Jul 2024 18:12:09 GMT"},{"design_id":399,"created_at":"Thu, 11 Jul 2024 18:51:09 GMT","design_name":"Steel","file_location":"/usr/libdata","file_name":"steel-20230717-c55b.json","last_updated":"Thu, 11 Jul 2024 18:51:09 GMT"},{"design_id":214,"created_at":"Fri, 22 Sep 2023 12:34:09 GMT","design_name":"Plastic","file_location":"/sbin","file_name":"plastic-20211220-4s5b.json","last_updated":"Fri, 22 Sep 2023 12:34:09 GMT"},{"design_id":400,"created_at":"Fri, 12 Jul 2024 13:53:09 GMT","design_name":"Granite","file_location":"/tmp","file_name":"granite-20231018-aztf.json","last_updated":"Fri, 12 Jul 2024 13:53:09 GMT"},{"design_id":401,"created_at":"Thu, 18 Jul 2024 10:52:09 GMT","design_name":"Granite","file_location":"/usr/local/src","file_name":"granite-20231016-3jv6.json","last_updated":"Thu, 18 Jul 2024 10:52:09 GMT"},{"design_id":402,"created_at":"Mon, 22 Jul 2024 17:23:09 GMT","design_name":"Bronze","file_location":"/opt/include","file_name":"bronze-20220831-iuv5.json","last_updated":"Mon, 22 Jul 2024 17:23:09 GMT"},{"design_id":403,"created_at":"Thu, 25 Jul 2024 09:52:10 GMT","design_name":"Steel","file_location":"/usr/ports","file_name":"steel-20230328-vgtr.json","last_updated":"Thu, 25 Jul 2024 09:52:10 GMT"},{"design_id":404,"created_at":"Thu, 25 Jul 2024 11:10:09 GMT","design_name":"Plastic","file_location":"/opt/sbin","file_name":"plastic-20230116-ew7m.json","last_updated":"Thu, 25 Jul 2024 11:10:09 GMT"},{"design_id":405,"created_at":"Thu, 25 Jul 2024 12:07:10 GMT","design_name":"Bronze","file_location":"/etc/ppp","file_name":"bronze-20240517-3vgn.json","last_updated":"Thu, 25 Jul 2024 12:07:10 GMT"},{"design_id":406,"created_at":"Thu, 25 Jul 2024 12:57:09 GMT","design_name":"Granite","file_location":"/var/yp","file_name":"granite-20240124-yozt.json","last_updated":"Thu, 25 Jul 2024 12:57:09 GMT"},{"design_id":407,"created_at":"Mon, 29 Jul 2024 11:23:09 GMT","design_name":"Concrete","file_location":"/usr/libdata","file_name":"concrete-20230426-pbzh.json","last_updated":"Mon, 29 Jul 2024 11:23:09 GMT"},{"design_id":408,"created_at":"Tue, 30 Jul 2024 13:24:09 GMT","design_name":"Concrete","file_location":"/usr/X11R6","file_name":"concrete-20221210-8yxa.json","last_updated":"Tue, 30 Jul 2024 13:24:09 GMT"},{"design_id":409,"created_at":"Fri, 02 Aug 2024 10:57:09 GMT","design_name":"Wooden","file_location":"/usr/src","file_name":"wooden-20230217-uy0s.json","last_updated":"Fri, 02 Aug 2024 10:57:09 GMT"},{"design_id":410,"created_at":"Fri, 02 Aug 2024 13:27:09 GMT","design_name":"Fresh","file_location":"/boot","file_name":"fresh-20230506-awth.json","last_updated":"Fri, 02 Aug 2024 13:27:09 GMT"},{"design_id":411,"created_at":"Mon, 05 Aug 2024 16:31:10 GMT","design_name":"Plastic","file_location":"/Applications","file_name":"plastic-20240521-2plv.json","last_updated":"Mon, 05 Aug 2024 16:31:10 GMT"},{"design_id":412,"created_at":"Tue, 06 Aug 2024 18:59:09 GMT","design_name":"Soft","file_location":"/home","file_name":"soft-20220816-bd57.json","last_updated":"Tue, 06 Aug 2024 18:59:09 GMT"},{"design_id":413,"created_at":"Wed, 07 Aug 2024 15:52:09 GMT","design_name":"Frozen","file_location":"/opt/share","file_name":"frozen-20230208-gnm5.json","last_updated":"Wed, 07 Aug 2024 15:52:09 GMT"},{"design_id":414,"created_at":"Fri, 09 Aug 2024 08:22:09 GMT","design_name":"Cotton","file_location":"/net","file_name":"cotton-20230403-4b6r.json","last_updated":"Fri, 09 Aug 2024 08:22:09 GMT"},{"design_id":415,"created_at":"Fri, 09 Aug 2024 08:52:09 GMT","design_name":"Metal","file_location":"/usr/libexec","file_name":"metal-20230725-hiyx.json","last_updated":"Fri, 09 Aug 2024 08:52:09 GMT"},{"design_id":370,"created_at":"Mon, 06 May 2024 17:41:09 GMT","design_name":"Frozen","file_location":"/usr/ports","file_name":"frozen-20230202-zd3g.json","last_updated":"Mon, 06 May 2024 17:41:09 GMT"},{"design_id":416,"created_at":"Mon, 12 Aug 2024 12:28:10 GMT","design_name":"Plastic","file_location":"/Applications","file_name":"plastic-20231007-aumw.json","last_updated":"Mon, 12 Aug 2024 12:28:10 GMT"},{"design_id":417,"created_at":"Tue, 13 Aug 2024 16:23:09 GMT","design_name":"Rubber","file_location":"/usr/libdata","file_name":"rubber-20240106-ygft.json","last_updated":"Tue, 13 Aug 2024 16:23:09 GMT"}]}