{"staff":[{"staff_id":1,"first_name":"Jeremie","last_name":"Franey","department_id":2,"email_address":"jeremie.franey@terrifictotes.com","created_at":"Thu, 03 Nov 2022 14:20:51 GMT","last_updated":"Thu, 03 Nov 2022 14:20:51 GMT"},{"staff_id":2,"first_name":"Deron","last_name":"Beier","department_id":6,"email_address":"deron.beier@terrifictotes.com","created_at":"Thu, 03 Nov 2022 14:20:51 GMT","last_updated":"Thu, 03 Nov 2022 14:20:51 GMT"},{"staff_id":3,"first_name":"Jeanette","last_name":"Erdman","department_id":6,"email_address":"jeanette.erdman@terrifictotes.com","created_at":"Thu, 03 Nov 2022 14:20:51 GMT","last_updated":"Thu, 03 Nov 2022 14:20:51 GMT"},{"staff_id":4,"first_name":"Ana","last_name":"Glover","department_id":3,"email_address":"ana.glover@terrifictotes.com","created_at":"Thu, 03 Nov 2022 14:20:51 GMT","last_updated":"Thu, 03 Nov 2022 14:20:51 GMT"},{"staff_id":5,"first_name":"Magdalena","last_name":"Zieme","department_id":8,"email_address":"magdalena.zieme@terrifictotes.com","created_at":"Thu, 03 Nov 2022 14:20:51 GMT","last_updated":"Thu, 03 Nov 2022 14:20:51 GMT"},{"staff_id":6,"first_name":"Korey","last_name":"Kreiger","department_id":3,"email_address":"korey.kreiger@terrifictotes.com","created_at":"Thu, 03 Nov 2022 14:20:51 GMT","last_updated":"Thu, 03 Nov 2022 14:20:51 GMT"},{"staff_id":7,"first_name":"Raphael","last_name":"Rippin","department_id":2,"email_address":"raphael.rippin@terrifictotes.com","created_at":"Thu, 03 Nov 2022 14:20:51 GMT","last_updated":"Thu, 03 Nov 2022 14:20:51 GMT"},{"staff_id":8,"first_name":"Oswaldo","last_name":"Bergstrom","department_id":7,"email_address":"oswaldo.bergstrom@terrifictotes.com","created_at":"Thu, 03 Nov 2022 14:20:51 GMT","last_updated":"Thu, 03 Nov 2022 14:20:51 GMT"},{"staff_id":9,"first_name":"Brody","last_name":"Ratke","department_id":2,"email_address":"brody.ratke@terrifictotes.com","created_at":"Thu, 03 Nov 2022 14:20:51 GMT","last_updated":"Thu, 03 Nov 2022 14:20:51 GMT"},{"staff_id":10,"first_name":"Jazmyn","last_name":"Kuhn","department_id":2,"email_address":"jazmyn.kuhn@terrifictotes.com","created_at":"Thu, 03 Nov 2022 14:20:51 GMT","last_updated":"Thu, 03 Nov 2022 14:20:51 GMT"},{"staff_id":11,"first_name":"Meda","last_name":"Cremin","department_id":5,"email_address":"meda.cremin@terrifictotes.com","created_at":"Thu, 03 Nov 2022 14:20:51 GMT","last_updated":"Thu, 03 Nov 2022 14:20:51 GMT"},{"staff_id":12,"first_name":"Imani","last_name":"Walker","department_id":5,"email_address":"imani.walker@terrifictotes.com","created_at":"Thu, 03 Nov 2022 14:20:51 GMT","last_updated":"Thu, 03 Nov 2022 14:20:51 GMT"},{"staff_id":13,"first_name":"Stan","last_name":"Lehner","department_id":4,"email_address":"stan.lehner@terrifictotes.com","created_at":"Thu, 03 Nov 2022 14:20:51 GMT","last_updated":"Thu, 03 Nov 2022 14:20:51 GMT"},{"staff_id":14,"first_name":"Rigoberto","last_name":"VonRueden","department_id":7,"email_address":"rigoberto.vonrueden@terrifictotes.com","created_at":"Thu, 03 Nov 2022 14:20:51 GMT","last_updated":"Thu, 03 Nov 2022 14:20:51 GMT"},{"staff_id":15,"first_name":"Tom","last_name":"Gutkowski","department_id":3,"email_address":"tom.gutkowski@terrifictotes.com","created_at":"Thu, 03 Nov 2022 14:20:51 GMT","last_updated":"Thu, 03 Nov 2022 14:20:51 GMT"},{"staff_id":16,"first_name":"Jett","last_name":"Parisian","department_id":6,"email_address":"jett.parisian@terrifictotes.com","created_at":"Thu, 03 Nov 2022 14:20:51 GMT","last_updated":"Thu, 03 Nov 2022 14:20:51 GMT"},{"staff_id":17,"first_name":"Irving","last_name":"O'Keefe","department_id":3,"email_address":"irving.o'keefe@terrifictotes.com","created_at":"Thu, 03 Nov 2022 14:20:51 GMT","last_updated":"Thu, 03 Nov 2022 14:20:51 GMT"},{"staff_id":18,"first_name":"Tomasa","last_name":"Moore","department_id":8,"email_address":"tomasa.moore@terrifictotes.com","created_at":"Thu, 03 Nov 2022 14:20:51 GMT","last_updated":"Thu, 03 Nov 2022 14:20:51 GMT"},{"staff_id":19,"first_name":"Pierre","last_name":"Sauer","department_id":2,"email_address":"pierre.sauer@terrifictotes.com","created_at":"Thu, 03 Nov 2022 14:20:51 GMT","last_updated":"Thu, 03 Nov 2022 14:20:51 GMT"},{"staff_id":20,"first_name":"Flavio","last_name":"Kulas","department_id":3,"email_address":"flavio.kulas@terrifictotes.com","created_at":"Thu, 03 Nov 2022 14:20:51 GMT","last_updated":"Thu, 03 Nov 2022 14:20:51 GMT"}]}