[{"address":[{"address_id":1,"address_line_1":"6826 Herzog Via","address_line_2":null,"district":"Avon","city":"New Patienceburgh","postal_code":"28441","country":"Turkey","phone":"1803 637401","created_at":"Thu, 03 Nov 2022 14:20:49 GMT","last_updated":"Thu, 03 Nov 2022 14:20:49 GMT"},{"address_id":2,"address_line_1":"179 Alexie Cliffs","address_line_2":null,"district":null,"city":"Aliso Viejo","postal_code":"99305-7380","country":"San Marino","phone":"9621 880720","created_at":"Thu, 03 Nov 2022 14:20:49 GMT","last_updated":"Thu, 03 Nov 2022 14:20:49 GMT"},{"address_id":3,"address_line_1":"148 Sincere Fort","address_line_2":null,"district":null,"city":"Lake Charles","postal_code":"89360","country":"Samoa","phone":"0730 783349","created_at":"Thu, 03 Nov 2022 14:20:49 GMT","last_updated":"Thu, 03 Nov 2022 14:20:49 GMT"},{"address_id":4,"address_line_1":"6102 Rogahn Skyway","address_line_2":null,"district":"Bedfordshire","city":"Olsonside","postal_code":"47518","country":"Republic of Korea","phone":"1239 706295","created_at":"Thu, 03 Nov 2022 14:20:49 GMT","last_updated":"Thu, 03 Nov 2022 14:20:49 GMT"},{"address_id":5,"address_line_1":"34177 Upton Track","address_line_2":null,"district":null,"city":"Fort Shadburgh","postal_code":"55993-8850","country":"Bosnia and Herzegovina","phone":"0081 009772","created_at":"Thu, 03 Nov 2022 14:20:49 GMT","last_updated":"Thu, 03 Nov 2022 14:20:49 GMT"},{"address_id":6,"address_line_1":"846 Kailey Island","address_line_2":null,"district":null,"city":"Kendraburgh","postal_code":"08841","country":"Zimbabwe","phone":"0447 798320","created_at":"Thu, 03 Nov 2022 14:20:49 GMT","last_updated":"Thu, 03 Nov 2022 14:20:49 GMT"},{"address_id":7,"address_line_1":"75653 Ernestine Ways","address_line_2":null,"district":"Buckinghamshire","city":"North Deshaun","postal_code":"02813","country":"Faroe Islands","phone":"1373 796260","created_at":"Thu, 03 Nov 2022 14:20:49 GMT","last_updated":"Thu, 03 Nov 2022 14:20:49 GMT"},{"address_id":8,"address_line_1":"0579 Durgan Common","address_line_2":null,"district":null,"city":"Suffolk","postal_code":"56693-0660","country":"United Kingdom","phone":"8935 157571","created_at":"Thu, 03 Nov 2022 14:20:49 GMT","last_updated":"Thu, 03 Nov 2022 14:20:49 GMT"},{"address_id":9,"address_line_1":"644 Edward Garden","address_line_2":null,"district":"Borders","city":"New Tyra","postal_code":"30825-5672","country":"Australia","phone":"0768 748652","created_at":"Thu, 03 Nov 2022 14:20:49 GMT","last_updated":"Thu, 03 Nov 2022 14:20:49 GMT"},{"address_id":10,"address_line_1":"49967 Kaylah Flat","address_line_2":"Tremaine Circles","district":"Bedfordshire","city":"Beaulahcester","postal_code":"89470","country":"Democratic People's Republic of Korea","phone":"4949 998070","created_at":"Thu, 03 Nov 2022 14:20:49 GMT","last_updated":"Thu, 03 Nov 2022 14:20:49 GMT"},{"address_id":11,"address_line_1":"249 Bernier Mission","address_line_2":null,"district":"Buckinghamshire","city":"Corpus Christi","postal_code":"85111-9300","country":"Japan","phone":"0222 525870","created_at":"Thu, 03 Nov 2022 14:20:49 GMT","last_updated":"Thu, 03 Nov 2022 14:20:49 GMT"},{"address_id":12,"address_line_1":"6461 Ernesto Expressway","address_line_2":null,"district":"Berkshire","city":"Pricetown","postal_code":"37167-0340","country":"Tajikistan","phone":"4757 757948","created_at":"Thu, 03 Nov 2022 14:20:49 GMT","last_updated":"Thu, 03 Nov 2022 14:20:49 GMT"},{"address_id":13,"address_line_1":"80828 Arch Dale","address_line_2":"Torphy Turnpike","district":null,"city":"Shanahanview","postal_code":"60728-5019","country":"Bouvet Island (Bouvetoya)","phone":"8806 209655","created_at":"Thu, 03 Nov 2022 14:20:49 GMT","last_updated":"Thu, 03 Nov 2022 14:20:49 GMT"},{"address_id":14,"address_line_1":"84824 Bryce Common","address_line_2":"Grady Turnpike","district":null,"city":"Maggiofurt","postal_code":"50899-1522","country":"Iraq","phone":"3316 955887","created_at":"Thu, 03 Nov 2022 14:20:49 GMT","last_updated":"Thu, 03 Nov 2022 14:20:49 GMT"},{"address_id":15,"address_line_1":"605 Haskell Trafficway","address_line_2":"Axel Freeway","district":null,"city":"East Bobbie","postal_code":"88253-4257","country":"Heard Island and McDonald Islands","phone":"9687 937447","created_at":"Thu, 03 Nov 2022 14:20:49 GMT","last_updated":"Thu, 03 Nov 2022 14:20:49 GMT"},{"address_id":16,"address_line_1":"511 Orin Extension","address_line_2":"Cielo Radial","district":"Buckinghamshire","city":"South Wyatt","postal_code":"04524-5341","country":"Iceland","phone":"2372 180716","created_at":"Thu, 03 Nov 2022 14:20:49 GMT","last_updated":"Thu, 03 Nov 2022 14:20:49 GMT"},{"address_id":17,"address_line_1":"962 Koch Drives","address_line_2":null,"district":null,"city":"Hackensack","postal_code":"95316-4738","country":"Indonesia","phone":"5507 549583","created_at":"Thu, 03 Nov 2022 14:20:49 GMT","last_updated":"Thu, 03 Nov 2022 14:20:49 GMT"},{"address_id":18,"address_line_1":"58805 Sibyl Cliff","address_line_2":"Leuschke Glens","district":"Bedfordshire","city":"Lake Arne","postal_code":"63808","country":"Kiribati","phone":"0168 407254","created_at":"Thu, 03 Nov 2022 14:20:49 GMT","last_updated":"Thu, 03 Nov 2022 14:20:49 GMT"},{"address_id":19,"address_line_1":"0283 Cole Corner","address_line_2":"Izabella Ways","district":"Buckinghamshire","city":"West Briellecester","postal_code":"01138","country":"Sierra Leone","phone":"1753 158314","created_at":"Thu, 03 Nov 2022 14:20:49 GMT","last_updated":"Thu, 03 Nov 2022 14:20:49 GMT"},{"address_id":20,"address_line_1":"22073 Klein Landing","address_line_2":null,"district":null,"city":"Pueblo","postal_code":"91445","country":"Republic of Korea","phone":"4003 678621","created_at":"Thu, 03 Nov 2022 14:20:49 GMT","last_updated":"Thu, 03 Nov 2022 14:20:49 GMT"},{"address_id":21,"address_line_1":"389 Georgette Ridge","address_line_2":null,"district":"Cambridgeshire","city":"Fresno","postal_code":"91510-3655","country":"Bolivia","phone":"8697 474676","created_at":"Thu, 03 Nov 2022 14:20:49 GMT","last_updated":"Thu, 03 Nov 2022 14:20:49 GMT"},{"address_id":22,"address_line_1":"364 Goodwin Streets","address_line_2":null,"district":null,"city":"Sayreville","postal_code":"85544-4254","country":"Svalbard & Jan Mayen Islands","phone":"0847 468066","created_at":"Thu, 03 Nov 2022 14:20:49 GMT","last_updated":"Thu, 03 Nov 2022 14:20:49 GMT"},{"address_id":23,"address_line_1":"822 Providenci Spring","address_line_2":null,"district":"Berkshire","city":"Derekport","postal_code":"25541","country":"Papua New Guinea","phone":"4111 801405","created_at":"Thu, 03 Nov 2022 14:20:49 GMT","last_updated":"Thu, 03 Nov 2022 14:20:49 GMT"},{"address_id":24,"address_line_1":"8434 Daren Freeway","address_line_2":null,"district":null,"city":"New Torrance","postal_code":"17110","country":"Antigua and Barbuda","phone":"5582 055380","created_at":"Thu, 03 Nov 2022 14:20:49 GMT","last_updated":"Thu, 03 Nov 2022 14:20:49 GMT"},{"address_id":25,"address_line_1":"253 Ullrich Inlet","address_line_2":"Macey Wall","district":"Borders","city":"East Arvel","postal_code":"35397-9952","country":"Sudan","phone":"0021 366201","created_at":"Thu, 03 Nov 2022 14:20:49 GMT","last_updated":"Thu, 03 Nov 2022 14:20:49 GMT"},{"address_id":26,"address_line_1":"522 Pacocha Branch","address_line_2":null,"district":"Bedfordshire","city":"Napa","postal_code":"77211-4519","country":"American Samoa","phone":"5794 359212","created_at":"Thu, 03 Nov 2022 14:20:49 GMT","last_updated":"Thu, 03 Nov 2022 14:20:49 GMT"},{"address_id":27,"address_line_1":"7212 Breitenberg View","address_line_2":"Nora Bridge","district":"Buckinghamshire","city":"Oakland Park","postal_code":"77499","country":"Guam","phone":"2949 665163","created_at":"Thu, 03 Nov 2022 14:20:49 GMT","last_updated":"Thu, 03 Nov 2022 14:20:49 GMT"},{"address_id":28,"address_line_1":"079 Horacio Landing","address_line_2":null,"district":null,"city":"Utica","postal_code":"93045","country":"Austria","phone":"7772 084705","created_at":"Thu, 03 Nov 2022 14:20:49 GMT","last_updated":"Thu, 03 Nov 2022 14:20:49 GMT"},{"address_id":29,"address_line_1":"37736 Heathcote Lock","address_line_2":"Noemy Pines","district":null,"city":"Bartellview","postal_code":"42400-5199","country":"Congo","phone":"1684 702261","created_at":"Thu, 03 Nov 2022 14:20:49 GMT","last_updated":"Thu, 03 Nov 2022 14:20:49 GMT"},{"address_id":30,"address_line_1":"0336 Ruthe Heights","address_line_2":null,"district":"Buckinghamshire","city":"Lake Myrlfurt","postal_code":"94545-4284","country":"Falkland Islands (Malvinas)","phone":"1083 286132","created_at":"Thu, 03 Nov 2022 14:20:49 GMT","last_updated":"Thu, 03 Nov 2022 14:20:49 GMT"}]}]